station_id,station_name,parameter_id,parameter_name,parameter_summary,unit,datetime_utc,datetime_local,from_ms,to_ms,value,value_numeric,quality,reference,source_period
162860,Luleå-Kallax Flygplats,8,Snödjup,"momentanvärde, 1 gång/dygn, kl 06",meter,2026-01-07T06:00:00Z,2026-01-07T07:00:00+01:00,1767765600000,,0.14,0.14,G,,corrected-archive-csv
162860,Luleå-Kallax Flygplats,8,Snödjup,"momentanvärde, 1 gång/dygn, kl 06",meter,2026-01-08T06:00:00Z,2026-01-08T07:00:00+01:00,1767852000000,,0.14,0.14,G,,corrected-archive-csv
162860,Luleå-Kallax Flygplats,8,Snödjup,"momentanvärde, 1 gång/dygn, kl 06",meter,2026-01-12T06:00:00Z,2026-01-12T07:00:00+01:00,1768197600000,,0.14,0.14,G,,corrected-archive-csv
162860,Luleå-Kallax Flygplats,8,Snödjup,"momentanvärde, 1 gång/dygn, kl 06",meter,2026-01-13T06:00:00Z,2026-01-13T07:00:00+01:00,1768284000000,,0.17,0.17,G,,corrected-archive-csv
162860,Luleå-Kallax Flygplats,8,Snödjup,"momentanvärde, 1 gång/dygn, kl 06",meter,2026-01-14T06:00:00Z,2026-01-14T07:00:00+01:00,1768370400000,,0.17,0.17,G,,corrected-archive-csv
162860,Luleå-Kallax Flygplats,8,Snödjup,"momentanvärde, 1 gång/dygn, kl 06",meter,2026-01-15T06:00:00Z,2026-01-15T07:00:00+01:00,1768456800000,,0.17,0.17,G,,corrected-archive-csv
162860,Luleå-Kallax Flygplats,8,Snödjup,"momentanvärde, 1 gång/dygn, kl 06",meter,2026-01-16T06:00:00Z,2026-01-16T07:00:00+01:00,1768543200000,,0.18,0.18,G,,corrected-archive-csv
162860,Luleå-Kallax Flygplats,8,Snödjup,"momentanvärde, 1 gång/dygn, kl 06",meter,2026-01-19T06:00:00Z,2026-01-19T07:00:00+01:00,1768802400000,,0.22,0.22,G,,corrected-archive-csv
162860,Luleå-Kallax Flygplats,8,Snödjup,"momentanvärde, 1 gång/dygn, kl 06",meter,2026-01-20T06:00:00Z,2026-01-20T07:00:00+01:00,1768888800000,,0.22,0.22,G,,corrected-archive-csv
162860,Luleå-Kallax Flygplats,8,Snödjup,"momentanvärde, 1 gång/dygn, kl 06",meter,2026-01-21T06:00:00Z,2026-01-21T07:00:00+01:00,1768975200000,,0.22,0.22,G,,corrected-archive-csv
162860,Luleå-Kallax Flygplats,8,Snödjup,"momentanvärde, 1 gång/dygn, kl 06",meter,2026-01-22T06:00:00Z,2026-01-22T07:00:00+01:00,1769061600000,,0.22,0.22,G,,corrected-archive-csv
162860,Luleå-Kallax Flygplats,8,Snödjup,"momentanvärde, 1 gång/dygn, kl 06",meter,2026-01-23T06:00:00Z,2026-01-23T07:00:00+01:00,1769148000000,,0.21,0.21,G,,corrected-archive-csv
162860,Luleå-Kallax Flygplats,8,Snödjup,"momentanvärde, 1 gång/dygn, kl 06",meter,2026-01-26T06:00:00Z,2026-01-26T07:00:00+01:00,1769407200000,,0.21,0.21,G,,corrected-archive-csv
162860,Luleå-Kallax Flygplats,8,Snödjup,"momentanvärde, 1 gång/dygn, kl 06",meter,2026-01-27T06:00:00Z,2026-01-27T07:00:00+01:00,1769493600000,,0.21,0.21,G,,corrected-archive-csv
162860,Luleå-Kallax Flygplats,8,Snödjup,"momentanvärde, 1 gång/dygn, kl 06",meter,2026-01-28T06:00:00Z,2026-01-28T07:00:00+01:00,1769580000000,,0.21,0.21,G,,corrected-archive-csv
162860,Luleå-Kallax Flygplats,8,Snödjup,"momentanvärde, 1 gång/dygn, kl 06",meter,2026-01-29T06:00:00Z,2026-01-29T07:00:00+01:00,1769666400000,,0.22,0.22,G,,corrected-archive-csv
162860,Luleå-Kallax Flygplats,8,Snödjup,"momentanvärde, 1 gång/dygn, kl 06",meter,2026-01-30T06:00:00Z,2026-01-30T07:00:00+01:00,1769752800000,,0.23,0.23,G,,corrected-archive-csv
162860,Luleå-Kallax Flygplats,8,Snödjup,"momentanvärde, 1 gång/dygn, kl 06",meter,2026-02-02T06:00:00Z,2026-02-02T07:00:00+01:00,1770012000000,,0.24,0.24,G,,corrected-archive-csv
162860,Luleå-Kallax Flygplats,8,Snödjup,"momentanvärde, 1 gång/dygn, kl 06",meter,2026-02-03T06:00:00Z,2026-02-03T07:00:00+01:00,1770098400000,,0.24,0.24,G,,corrected-archive-csv
162860,Luleå-Kallax Flygplats,8,Snödjup,"momentanvärde, 1 gång/dygn, kl 06",meter,2026-02-04T06:00:00Z,2026-02-04T07:00:00+01:00,1770184800000,,0.24,0.24,G,,corrected-archive-csv
162860,Luleå-Kallax Flygplats,8,Snödjup,"momentanvärde, 1 gång/dygn, kl 06",meter,2026-02-05T06:00:00Z,2026-02-05T07:00:00+01:00,1770271200000,,0.24,0.24,G,,corrected-archive-csv
162860,Luleå-Kallax Flygplats,8,Snödjup,"momentanvärde, 1 gång/dygn, kl 06",meter,2026-02-06T06:00:00Z,2026-02-06T07:00:00+01:00,1770357600000,,0.24,0.24,G,,corrected-archive-csv
162860,Luleå-Kallax Flygplats,8,Snödjup,"momentanvärde, 1 gång/dygn, kl 06",meter,2026-02-09T06:00:00Z,2026-02-09T07:00:00+01:00,1770616800000,,0.24,0.24,G,,corrected-archive-csv
162860,Luleå-Kallax Flygplats,8,Snödjup,"momentanvärde, 1 gång/dygn, kl 06",meter,2026-02-10T06:00:00Z,2026-02-10T07:00:00+01:00,1770703200000,,0.24,0.24,G,,corrected-archive-csv
162860,Luleå-Kallax Flygplats,8,Snödjup,"momentanvärde, 1 gång/dygn, kl 06",meter,2026-02-11T06:00:00Z,2026-02-11T07:00:00+01:00,1770789600000,,0.24,0.24,G,,corrected-archive-csv
162860,Luleå-Kallax Flygplats,8,Snödjup,"momentanvärde, 1 gång/dygn, kl 06",meter,2026-02-12T06:00:00Z,2026-02-12T07:00:00+01:00,1770876000000,,0.24,0.24,G,,corrected-archive-csv
162860,Luleå-Kallax Flygplats,8,Snödjup,"momentanvärde, 1 gång/dygn, kl 06",meter,2026-02-13T06:00:00Z,2026-02-13T07:00:00+01:00,1770962400000,,0.24,0.24,G,,corrected-archive-csv
162860,Luleå-Kallax Flygplats,8,Snödjup,"momentanvärde, 1 gång/dygn, kl 06",meter,2026-02-16T06:00:00Z,2026-02-16T07:00:00+01:00,1771221600000,,0.24,0.24,G,,corrected-archive-csv
162860,Luleå-Kallax Flygplats,8,Snödjup,"momentanvärde, 1 gång/dygn, kl 06",meter,2026-02-17T06:00:00Z,2026-02-17T07:00:00+01:00,1771308000000,,0.24,0.24,G,,corrected-archive-csv
162860,Luleå-Kallax Flygplats,8,Snödjup,"momentanvärde, 1 gång/dygn, kl 06",meter,2026-02-18T06:00:00Z,2026-02-18T07:00:00+01:00,1771394400000,,0.24,0.24,G,,corrected-archive-csv
162860,Luleå-Kallax Flygplats,8,Snödjup,"momentanvärde, 1 gång/dygn, kl 06",meter,2026-02-19T06:00:00Z,2026-02-19T07:00:00+01:00,1771480800000,,0.24,0.24,G,,corrected-archive-csv
162860,Luleå-Kallax Flygplats,8,Snödjup,"momentanvärde, 1 gång/dygn, kl 06",meter,2026-02-20T06:00:00Z,2026-02-20T07:00:00+01:00,1771567200000,,0.24,0.24,G,,corrected-archive-csv
162860,Luleå-Kallax Flygplats,8,Snödjup,"momentanvärde, 1 gång/dygn, kl 06",meter,2026-02-23T06:00:00Z,2026-02-23T07:00:00+01:00,1771826400000,,0.30,0.30,G,,corrected-archive-csv
162860,Luleå-Kallax Flygplats,8,Snödjup,"momentanvärde, 1 gång/dygn, kl 06",meter,2026-02-24T06:00:00Z,2026-02-24T07:00:00+01:00,1771912800000,,0.30,0.30,G,,corrected-archive-csv
162860,Luleå-Kallax Flygplats,8,Snödjup,"momentanvärde, 1 gång/dygn, kl 06",meter,2026-02-25T06:00:00Z,2026-02-25T07:00:00+01:00,1771999200000,,0.30,0.30,G,,corrected-archive-csv
162860,Luleå-Kallax Flygplats,8,Snödjup,"momentanvärde, 1 gång/dygn, kl 06",meter,2026-02-26T06:00:00Z,2026-02-26T07:00:00+01:00,1772085600000,,0.33,0.33,G,,corrected-archive-csv
162860,Luleå-Kallax Flygplats,8,Snödjup,"momentanvärde, 1 gång/dygn, kl 06",meter,2026-02-27T06:00:00Z,2026-02-27T07:00:00+01:00,1772172000000,,0.37,0.37,G,,corrected-archive-csv
162860,Luleå-Kallax Flygplats,8,Snödjup,"momentanvärde, 1 gång/dygn, kl 06",meter,2026-03-09T06:00:00Z,2026-03-09T07:00:00+01:00,1773036000000,,0.46,0.46,G,,corrected-archive-csv
162860,Luleå-Kallax Flygplats,8,Snödjup,"momentanvärde, 1 gång/dygn, kl 06",meter,2026-03-10T06:00:00Z,2026-03-10T07:00:00+01:00,1773122400000,,0.46,0.46,G,,corrected-archive-csv
162860,Luleå-Kallax Flygplats,8,Snödjup,"momentanvärde, 1 gång/dygn, kl 06",meter,2026-03-11T06:00:00Z,2026-03-11T07:00:00+01:00,1773208800000,,0.45,0.45,G,,corrected-archive-csv
162860,Luleå-Kallax Flygplats,8,Snödjup,"momentanvärde, 1 gång/dygn, kl 06",meter,2026-03-12T06:00:00Z,2026-03-12T07:00:00+01:00,1773295200000,,0.44,0.44,G,,corrected-archive-csv
162860,Luleå-Kallax Flygplats,8,Snödjup,"momentanvärde, 1 gång/dygn, kl 06",meter,2026-03-13T06:00:00Z,2026-03-13T07:00:00+01:00,1773381600000,,0.44,0.44,G,,corrected-archive-csv
162860,Luleå-Kallax Flygplats,8,Snödjup,"momentanvärde, 1 gång/dygn, kl 06",meter,2026-03-14T06:00:00Z,2026-03-14T07:00:00+01:00,1773468000000,,0.40,0.40,G,,corrected-archive-csv
162860,Luleå-Kallax Flygplats,8,Snödjup,"momentanvärde, 1 gång/dygn, kl 06",meter,2026-03-15T06:00:00Z,2026-03-15T07:00:00+01:00,1773554400000,,0.40,0.40,G,,corrected-archive-csv
162860,Luleå-Kallax Flygplats,8,Snödjup,"momentanvärde, 1 gång/dygn, kl 06",meter,2026-03-16T06:00:00Z,2026-03-16T07:00:00+01:00,1773640800000,,0.40,0.40,G,,corrected-archive-csv
162860,Luleå-Kallax Flygplats,8,Snödjup,"momentanvärde, 1 gång/dygn, kl 06",meter,2026-03-17T06:00:00Z,2026-03-17T07:00:00+01:00,1773727200000,,0.40,0.40,G,,corrected-archive-csv
162860,Luleå-Kallax Flygplats,8,Snödjup,"momentanvärde, 1 gång/dygn, kl 06",meter,2026-03-18T06:00:00Z,2026-03-18T07:00:00+01:00,1773813600000,,0.39,0.39,G,,corrected-archive-csv
162860,Luleå-Kallax Flygplats,8,Snödjup,"momentanvärde, 1 gång/dygn, kl 06",meter,2026-03-19T06:00:00Z,2026-03-19T07:00:00+01:00,1773900000000,,0.30,0.30,G,,corrected-archive-csv
162860,Luleå-Kallax Flygplats,8,Snödjup,"momentanvärde, 1 gång/dygn, kl 06",meter,2026-03-23T06:00:00Z,2026-03-23T07:00:00+01:00,1774245600000,,0.26,0.26,G,,corrected-archive-csv
162860,Luleå-Kallax Flygplats,8,Snödjup,"momentanvärde, 1 gång/dygn, kl 06",meter,2026-03-24T06:00:00Z,2026-03-24T07:00:00+01:00,1774332000000,,0.25,0.25,G,,corrected-archive-csv
162860,Luleå-Kallax Flygplats,8,Snödjup,"momentanvärde, 1 gång/dygn, kl 06",meter,2026-03-25T06:00:00Z,2026-03-25T07:00:00+01:00,1774418400000,,0.22,0.22,G,,corrected-archive-csv
162860,Luleå-Kallax Flygplats,8,Snödjup,"momentanvärde, 1 gång/dygn, kl 06",meter,2026-03-26T06:00:00Z,2026-03-26T07:00:00+01:00,1774504800000,,0.15,0.15,G,,corrected-archive-csv
162860,Luleå-Kallax Flygplats,8,Snödjup,"momentanvärde, 1 gång/dygn, kl 06",meter,2026-04-13T06:00:00Z,2026-04-13T08:00:00+02:00,1776060000000,,0.00,0.00,G,,corrected-archive-csv
162860,Luleå-Kallax Flygplats,8,Snödjup,"momentanvärde, 1 gång/dygn, kl 06",meter,2026-04-14T06:00:00Z,2026-04-14T08:00:00+02:00,1776146400000,,0.00,0.00,G,,corrected-archive-csv
162860,Luleå-Kallax Flygplats,8,Snödjup,"momentanvärde, 1 gång/dygn, kl 06",meter,2026-04-15T06:00:00Z,2026-04-15T08:00:00+02:00,1776232800000,,0.00,0.00,G,,corrected-archive-csv
162860,Luleå-Kallax Flygplats,8,Snödjup,"momentanvärde, 1 gång/dygn, kl 06",meter,2026-04-16T06:00:00Z,2026-04-16T08:00:00+02:00,1776319200000,,0.00,0.00,G,,corrected-archive-csv
162860,Luleå-Kallax Flygplats,8,Snödjup,"momentanvärde, 1 gång/dygn, kl 06",meter,2026-04-17T06:00:00Z,2026-04-17T08:00:00+02:00,1776405600000,,0.00,0.00,G,,corrected-archive-csv
162860,Luleå-Kallax Flygplats,8,Snödjup,"momentanvärde, 1 gång/dygn, kl 06",meter,2026-04-20T06:00:00Z,2026-04-20T08:00:00+02:00,1776664800000,,0.00,0.00,G,,corrected-archive-csv
162860,Luleå-Kallax Flygplats,8,Snödjup,"momentanvärde, 1 gång/dygn, kl 06",meter,2026-04-21T06:00:00Z,2026-04-21T08:00:00+02:00,1776751200000,,0.00,0.00,G,,corrected-archive-csv
162860,Luleå-Kallax Flygplats,8,Snödjup,"momentanvärde, 1 gång/dygn, kl 06",meter,2026-04-22T06:00:00Z,2026-04-22T08:00:00+02:00,1776837600000,,0.00,0.00,G,,corrected-archive-csv
162860,Luleå-Kallax Flygplats,8,Snödjup,"momentanvärde, 1 gång/dygn, kl 06",meter,2026-04-23T06:00:00Z,2026-04-23T08:00:00+02:00,1776924000000,,0.00,0.00,G,,corrected-archive-csv
162860,Luleå-Kallax Flygplats,8,Snödjup,"momentanvärde, 1 gång/dygn, kl 06",meter,2026-04-24T06:00:00Z,2026-04-24T08:00:00+02:00,1777010400000,,0.00,0.00,G,,corrected-archive-csv
162860,Luleå-Kallax Flygplats,8,Snödjup,"momentanvärde, 1 gång/dygn, kl 06",meter,2026-04-27T06:00:00Z,2026-04-27T08:00:00+02:00,1777269600000,,0.00,0.00,G,,corrected-archive-csv
162860,Luleå-Kallax Flygplats,8,Snödjup,"momentanvärde, 1 gång/dygn, kl 06",meter,2026-04-28T06:00:00Z,2026-04-28T08:00:00+02:00,1777356000000,,0.00,0.00,G,,corrected-archive-csv
162860,Luleå-Kallax Flygplats,8,Snödjup,"momentanvärde, 1 gång/dygn, kl 06",meter,2026-04-29T06:00:00Z,2026-04-29T08:00:00+02:00,1777442400000,,0.00,0.00,G,,corrected-archive-csv
162860,Luleå-Kallax Flygplats,8,Snödjup,"momentanvärde, 1 gång/dygn, kl 06",meter,2026-05-04T06:00:00Z,2026-05-04T08:00:00+02:00,1777874400000,,0.00,0.00,G,,corrected-archive-csv
162860,Luleå-Kallax Flygplats,8,Snödjup,"momentanvärde, 1 gång/dygn, kl 06",meter,2026-05-05T06:00:00Z,2026-05-05T08:00:00+02:00,1777960800000,,0.00,0.00,G,,corrected-archive-csv
162860,Luleå-Kallax Flygplats,8,Snödjup,"momentanvärde, 1 gång/dygn, kl 06",meter,2026-05-06T06:00:00Z,2026-05-06T08:00:00+02:00,1778047200000,,0.02,0.02,G,,corrected-archive-csv
162860,Luleå-Kallax Flygplats,8,Snödjup,"momentanvärde, 1 gång/dygn, kl 06",meter,2026-05-07T06:00:00Z,2026-05-07T08:00:00+02:00,1778133600000,,0.00,0.00,G,,corrected-archive-csv
162860,Luleå-Kallax Flygplats,8,Snödjup,"momentanvärde, 1 gång/dygn, kl 06",meter,2026-05-08T06:00:00Z,2026-05-08T08:00:00+02:00,1778220000000,,0.00,0.00,G,,corrected-archive-csv
162860,Luleå-Kallax Flygplats,8,Snödjup,"momentanvärde, 1 gång/dygn, kl 06",meter,2026-05-09T06:00:00Z,2026-05-09T08:00:00+02:00,1778306400000,,0.00,0.00,G,,corrected-archive-csv
162860,Luleå-Kallax Flygplats,8,Snödjup,"momentanvärde, 1 gång/dygn, kl 06",meter,2026-05-12T06:00:00Z,2026-05-12T08:00:00+02:00,1778565600000,,0.00,0.00,G,,corrected-archive-csv
162860,Luleå-Kallax Flygplats,8,Snödjup,"momentanvärde, 1 gång/dygn, kl 06",meter,2026-05-13T06:00:00Z,2026-05-13T08:00:00+02:00,1778652000000,,0.00,0.00,G,,corrected-archive-csv
162860,Luleå-Kallax Flygplats,8,Snödjup,"momentanvärde, 1 gång/dygn, kl 06",meter,2026-05-18T06:00:00Z,2026-05-18T08:00:00+02:00,1779084000000,,0.00,0.00,G,,corrected-archive-csv
162860,Luleå-Kallax Flygplats,8,Snödjup,"momentanvärde, 1 gång/dygn, kl 06",meter,2026-05-19T06:00:00Z,2026-05-19T08:00:00+02:00,1779170400000,,0.00,0.00,G,,corrected-archive-csv
162860,Luleå-Kallax Flygplats,8,Snödjup,"momentanvärde, 1 gång/dygn, kl 06",meter,2026-05-20T06:00:00Z,2026-05-20T08:00:00+02:00,1779256800000,,0.00,0.00,G,,corrected-archive-csv
162860,Luleå-Kallax Flygplats,8,Snödjup,"momentanvärde, 1 gång/dygn, kl 06",meter,2026-05-21T06:00:00Z,2026-05-21T08:00:00+02:00,1779343200000,,0.00,0.00,G,,corrected-archive-csv
162860,Luleå-Kallax Flygplats,8,Snödjup,"momentanvärde, 1 gång/dygn, kl 06",meter,2026-05-25T06:00:00Z,2026-05-25T08:00:00+02:00,1779688800000,,0.00,0.00,G,,corrected-archive-csv
162860,Luleå-Kallax Flygplats,8,Snödjup,"momentanvärde, 1 gång/dygn, kl 06",meter,2026-05-26T06:00:00Z,2026-05-26T08:00:00+02:00,1779775200000,,0.00,0.00,G,,corrected-archive-csv
162860,Luleå-Kallax Flygplats,8,Snödjup,"momentanvärde, 1 gång/dygn, kl 06",meter,2026-05-27T06:00:00Z,2026-05-27T08:00:00+02:00,1779861600000,,0.00,0.00,G,,corrected-archive-csv
162860,Luleå-Kallax Flygplats,8,Snödjup,"momentanvärde, 1 gång/dygn, kl 06",meter,2026-05-28T06:00:00Z,2026-05-28T08:00:00+02:00,1779948000000,,0.00,0.00,G,,latest-months
162860,Luleå-Kallax Flygplats,8,Snödjup,"momentanvärde, 1 gång/dygn, kl 06",meter,2026-06-01T06:00:00Z,2026-06-01T08:00:00+02:00,1780293600000,,0.00,0.00,G,,latest-months
162860,Luleå-Kallax Flygplats,8,Snödjup,"momentanvärde, 1 gång/dygn, kl 06",meter,2026-06-02T06:00:00Z,2026-06-02T08:00:00+02:00,1780380000000,,0.00,0.00,G,,latest-months
162860,Luleå-Kallax Flygplats,8,Snödjup,"momentanvärde, 1 gång/dygn, kl 06",meter,2026-06-03T06:00:00Z,2026-06-03T08:00:00+02:00,1780466400000,,0.00,0.00,G,,latest-months
162860,Luleå-Kallax Flygplats,8,Snödjup,"momentanvärde, 1 gång/dygn, kl 06",meter,2026-06-04T06:00:00Z,2026-06-04T08:00:00+02:00,1780552800000,,0.00,0.00,G,,latest-months
162860,Luleå-Kallax Flygplats,8,Snödjup,"momentanvärde, 1 gång/dygn, kl 06",meter,2026-06-05T06:00:00Z,2026-06-05T08:00:00+02:00,1780639200000,,0.00,0.00,G,,latest-months
162860,Luleå-Kallax Flygplats,8,Snödjup,"momentanvärde, 1 gång/dygn, kl 06",meter,2026-06-08T06:00:00Z,2026-06-08T08:00:00+02:00,1780898400000,,0.00,0.00,G,,latest-months
162860,Luleå-Kallax Flygplats,8,Snödjup,"momentanvärde, 1 gång/dygn, kl 06",meter,2026-06-09T06:00:00Z,2026-06-09T08:00:00+02:00,1780984800000,,0.00,0.00,G,,latest-months
162860,Luleå-Kallax Flygplats,8,Snödjup,"momentanvärde, 1 gång/dygn, kl 06",meter,2026-06-10T06:00:00Z,2026-06-10T08:00:00+02:00,1781071200000,,0.00,0.00,G,,latest-months
162860,Luleå-Kallax Flygplats,8,Snödjup,"momentanvärde, 1 gång/dygn, kl 06",meter,2026-06-11T06:00:00Z,2026-06-11T08:00:00+02:00,1781157600000,,0.00,0.00,G,,latest-months
162860,Luleå-Kallax Flygplats,8,Snödjup,"momentanvärde, 1 gång/dygn, kl 06",meter,2026-06-12T06:00:00Z,2026-06-12T08:00:00+02:00,1781244000000,,0.00,0.00,G,,latest-months
162860,Luleå-Kallax Flygplats,8,Snödjup,"momentanvärde, 1 gång/dygn, kl 06",meter,2026-06-14T06:00:00Z,2026-06-14T08:00:00+02:00,1781416800000,,0.00,0.00,G,,latest-months
162860,Luleå-Kallax Flygplats,8,Snödjup,"momentanvärde, 1 gång/dygn, kl 06",meter,2026-06-15T06:00:00Z,2026-06-15T08:00:00+02:00,1781503200000,,0.00,0.00,G,,latest-months
162860,Luleå-Kallax Flygplats,8,Snödjup,"momentanvärde, 1 gång/dygn, kl 06",meter,2026-06-16T06:00:00Z,2026-06-16T08:00:00+02:00,1781589600000,,0.00,0.00,G,,latest-months
162860,Luleå-Kallax Flygplats,8,Snödjup,"momentanvärde, 1 gång/dygn, kl 06",meter,2026-06-17T06:00:00Z,2026-06-17T08:00:00+02:00,1781676000000,,0.00,0.00,G,,latest-months
162860,Luleå-Kallax Flygplats,8,Snödjup,"momentanvärde, 1 gång/dygn, kl 06",meter,2026-06-18T06:00:00Z,2026-06-18T08:00:00+02:00,1781762400000,,0.00,0.00,G,,latest-months
162860,Luleå-Kallax Flygplats,8,Snödjup,"momentanvärde, 1 gång/dygn, kl 06",meter,2026-06-29T06:00:00Z,2026-06-29T08:00:00+02:00,1782712800000,,0.00,0.00,G,,latest-months
162860,Luleå-Kallax Flygplats,8,Snödjup,"momentanvärde, 1 gång/dygn, kl 06",meter,2026-07-01T06:00:00Z,2026-07-01T08:00:00+02:00,1782885600000,,0.00,0.00,G,,latest-months
162860,Luleå-Kallax Flygplats,8,Snödjup,"momentanvärde, 1 gång/dygn, kl 06",meter,2026-08-03T06:00:00Z,2026-08-03T08:00:00+02:00,1785736800000,,0.00,0.00,G,,latest-months
162860,Luleå-Kallax Flygplats,8,Snödjup,"momentanvärde, 1 gång/dygn, kl 06",meter,2026-08-04T06:00:00Z,2026-08-04T08:00:00+02:00,1785823200000,,0.00,0.00,G,,latest-months
162860,Luleå-Kallax Flygplats,8,Snödjup,"momentanvärde, 1 gång/dygn, kl 06",meter,2026-08-05T06:00:00Z,2026-08-05T08:00:00+02:00,1785909600000,,0.00,0.00,G,,latest-months
162860,Luleå-Kallax Flygplats,8,Snödjup,"momentanvärde, 1 gång/dygn, kl 06",meter,2026-08-10T06:00:00Z,2026-08-10T08:00:00+02:00,1786341600000,,0.00,0.00,G,,latest-months
162860,Luleå-Kallax Flygplats,8,Snödjup,"momentanvärde, 1 gång/dygn, kl 06",meter,2026-08-11T06:00:00Z,2026-08-11T08:00:00+02:00,1786428000000,,0.00,0.00,G,,latest-months
162860,Luleå-Kallax Flygplats,8,Snödjup,"momentanvärde, 1 gång/dygn, kl 06",meter,2026-08-12T06:00:00Z,2026-08-12T08:00:00+02:00,1786514400000,,0.00,0.00,G,,latest-months
162860,Luleå-Kallax Flygplats,8,Snödjup,"momentanvärde, 1 gång/dygn, kl 06",meter,2026-08-13T06:00:00Z,2026-08-13T08:00:00+02:00,1786600800000,,0.00,0.00,G,,latest-months
162860,Luleå-Kallax Flygplats,8,Snödjup,"momentanvärde, 1 gång/dygn, kl 06",meter,2026-08-14T06:00:00Z,2026-08-14T08:00:00+02:00,1786687200000,,0.00,0.00,G,,latest-months
162860,Luleå-Kallax Flygplats,8,Snödjup,"momentanvärde, 1 gång/dygn, kl 06",meter,2026-08-17T06:00:00Z,2026-08-17T08:00:00+02:00,1786946400000,,0.00,0.00,G,,latest-months
162860,Luleå-Kallax Flygplats,8,Snödjup,"momentanvärde, 1 gång/dygn, kl 06",meter,2026-08-18T06:00:00Z,2026-08-18T08:00:00+02:00,1787032800000,,0.00,0.00,G,,latest-months
162860,Luleå-Kallax Flygplats,8,Snödjup,"momentanvärde, 1 gång/dygn, kl 06",meter,2026-08-19T06:00:00Z,2026-08-19T08:00:00+02:00,1787119200000,,0.00,0.00,G,,latest-months
162860,Luleå-Kallax Flygplats,8,Snödjup,"momentanvärde, 1 gång/dygn, kl 06",meter,2026-08-20T06:00:00Z,2026-08-20T08:00:00+02:00,1787205600000,,0.00,0.00,G,,latest-months
162860,Luleå-Kallax Flygplats,8,Snödjup,"momentanvärde, 1 gång/dygn, kl 06",meter,2026-08-21T06:00:00Z,2026-08-21T08:00:00+02:00,1787292000000,,0.00,0.00,G,,latest-months
162860,Luleå-Kallax Flygplats,8,Snödjup,"momentanvärde, 1 gång/dygn, kl 06",meter,2026-08-24T06:00:00Z,2026-08-24T08:00:00+02:00,1787551200000,,0.00,0.00,G,,latest-months
162860,Luleå-Kallax Flygplats,8,Snödjup,"momentanvärde, 1 gång/dygn, kl 06",meter,2026-08-25T06:00:00Z,2026-08-25T08:00:00+02:00,1787637600000,,0.00,0.00,G,,latest-months
162860,Luleå-Kallax Flygplats,8,Snödjup,"momentanvärde, 1 gång/dygn, kl 06",meter,2026-08-26T06:00:00Z,2026-08-26T08:00:00+02:00,1787724000000,,0.00,0.00,G,,latest-months
162860,Luleå-Kallax Flygplats,8,Snödjup,"momentanvärde, 1 gång/dygn, kl 06",meter,2026-08-27T06:00:00Z,2026-08-27T08:00:00+02:00,1787810400000,,0.00,0.00,G,,latest-months
162860,Luleå-Kallax Flygplats,8,Snödjup,"momentanvärde, 1 gång/dygn, kl 06",meter,2026-08-28T06:00:00Z,2026-08-28T08:00:00+02:00,1787896800000,,0.00,0.00,G,,latest-months
162860,Luleå-Kallax Flygplats,8,Snödjup,"momentanvärde, 1 gång/dygn, kl 06",meter,2026-08-31T06:00:00Z,2026-08-31T08:00:00+02:00,1788156000000,,0.00,0.00,G,,latest-months
162860,Luleå-Kallax Flygplats,8,Snödjup,"momentanvärde, 1 gång/dygn, kl 06",meter,2026-09-01T06:00:00Z,2026-09-01T08:00:00+02:00,1788242400000,,0.00,0.00,G,,latest-months
162860,Luleå-Kallax Flygplats,8,Snödjup,"momentanvärde, 1 gång/dygn, kl 06",meter,2026-09-02T06:00:00Z,2026-09-02T08:00:00+02:00,1788328800000,,0.00,0.00,G,,latest-months
162860,Luleå-Kallax Flygplats,8,Snödjup,"momentanvärde, 1 gång/dygn, kl 06",meter,2026-09-03T06:00:00Z,2026-09-03T08:00:00+02:00,1788415200000,,0.00,0.00,G,,latest-months
162860,Luleå-Kallax Flygplats,8,Snödjup,"momentanvärde, 1 gång/dygn, kl 06",meter,2026-09-04T06:00:00Z,2026-09-04T08:00:00+02:00,1788501600000,,0.00,0.00,G,,latest-months
162860,Luleå-Kallax Flygplats,8,Snödjup,"momentanvärde, 1 gång/dygn, kl 06",meter,2026-09-07T06:00:00Z,2026-09-07T08:00:00+02:00,1788760800000,,0.00,0.00,G,,latest-months
162860,Luleå-Kallax Flygplats,8,Snödjup,"momentanvärde, 1 gång/dygn, kl 06",meter,2026-09-08T06:00:00Z,2026-09-08T08:00:00+02:00,1788847200000,,0.00,0.00,G,,latest-months
162860,Luleå-Kallax Flygplats,8,Snödjup,"momentanvärde, 1 gång/dygn, kl 06",meter,2026-09-09T06:00:00Z,2026-09-09T08:00:00+02:00,1788933600000,,0.00,0.00,G,,latest-months
162860,Luleå-Kallax Flygplats,8,Snödjup,"momentanvärde, 1 gång/dygn, kl 06",meter,2026-09-10T06:00:00Z,2026-09-10T08:00:00+02:00,1789020000000,,0.00,0.00,G,,latest-months
162860,Luleå-Kallax Flygplats,8,Snödjup,"momentanvärde, 1 gång/dygn, kl 06",meter,2026-09-11T06:00:00Z,2026-09-11T08:00:00+02:00,1789106400000,,0.00,0.00,G,,latest-months
162860,Luleå-Kallax Flygplats,8,Snödjup,"momentanvärde, 1 gång/dygn, kl 06",meter,2026-09-14T06:00:00Z,2026-09-14T08:00:00+02:00,1789365600000,,0.00,0.00,G,,latest-months
162860,Luleå-Kallax Flygplats,8,Snödjup,"momentanvärde, 1 gång/dygn, kl 06",meter,2026-09-15T06:00:00Z,2026-09-15T08:00:00+02:00,1789452000000,,0.00,0.00,G,,latest-months
162860,Luleå-Kallax Flygplats,8,Snödjup,"momentanvärde, 1 gång/dygn, kl 06",meter,2026-09-16T06:00:00Z,2026-09-16T08:00:00+02:00,1789538400000,,0.00,0.00,G,,latest-months
162860,Luleå-Kallax Flygplats,8,Snödjup,"momentanvärde, 1 gång/dygn, kl 06",meter,2026-09-17T06:00:00Z,2026-09-17T08:00:00+02:00,1789624800000,,0.00,0.00,G,,latest-months
162860,Luleå-Kallax Flygplats,8,Snödjup,"momentanvärde, 1 gång/dygn, kl 06",meter,2026-09-18T06:00:00Z,2026-09-18T08:00:00+02:00,1789711200000,,0.00,0.00,G,,latest-months
162860,Luleå-Kallax Flygplats,8,Snödjup,"momentanvärde, 1 gång/dygn, kl 06",meter,2026-09-21T06:00:00Z,2026-09-21T08:00:00+02:00,1789970400000,,0.00,0.00,G,,latest-months
162860,Luleå-Kallax Flygplats,8,Snödjup,"momentanvärde, 1 gång/dygn, kl 06",meter,2026-09-22T06:00:00Z,2026-09-22T08:00:00+02:00,1790056800000,,0.00,0.00,G,,latest-months
162860,Luleå-Kallax Flygplats,8,Snödjup,"momentanvärde, 1 gång/dygn, kl 06",meter,2026-09-23T06:00:00Z,2026-09-23T08:00:00+02:00,1790143200000,,0.00,0.00,G,,latest-months
162860,Luleå-Kallax Flygplats,8,Snödjup,"momentanvärde, 1 gång/dygn, kl 06",meter,2026-09-24T06:00:00Z,2026-09-24T08:00:00+02:00,1790229600000,,0.00,0.00,G,,latest-months
162860,Luleå-Kallax Flygplats,8,Snödjup,"momentanvärde, 1 gång/dygn, kl 06",meter,2026-09-28T06:00:00Z,2026-09-28T08:00:00+02:00,1790575200000,,0.00,0.00,G,,latest-months
162860,Luleå-Kallax Flygplats,8,Snödjup,"momentanvärde, 1 gång/dygn, kl 06",meter,2026-09-29T06:00:00Z,2026-09-29T08:00:00+02:00,1790661600000,,0.00,0.00,G,,latest-months
162860,Luleå-Kallax Flygplats,8,Snödjup,"momentanvärde, 1 gång/dygn, kl 06",meter,2026-09-30T06:00:00Z,2026-09-30T08:00:00+02:00,1790748000000,,0.00,0.00,G,,latest-months
162860,Luleå-Kallax Flygplats,8,Snödjup,"momentanvärde, 1 gång/dygn, kl 06",meter,2026-10-01T06:00:00Z,2026-10-01T08:00:00+02:00,1790834400000,,0.00,0.00,G,,latest-months
162860,Luleå-Kallax Flygplats,8,Snödjup,"momentanvärde, 1 gång/dygn, kl 06",meter,2026-10-02T06:00:00Z,2026-10-02T08:00:00+02:00,1790920800000,,0.00,0.00,G,,latest-months
162860,Luleå-Kallax Flygplats,8,Snödjup,"momentanvärde, 1 gång/dygn, kl 06",meter,2026-10-05T06:00:00Z,2026-10-05T08:00:00+02:00,1791180000000,,0.00,0.00,G,,latest-months
162860,Luleå-Kallax Flygplats,8,Snödjup,"momentanvärde, 1 gång/dygn, kl 06",meter,2026-10-06T06:00:00Z,2026-10-06T08:00:00+02:00,1791266400000,,0.00,0.00,G,,latest-months
162860,Luleå-Kallax Flygplats,8,Snödjup,"momentanvärde, 1 gång/dygn, kl 06",meter,2026-10-07T06:00:00Z,2026-10-07T08:00:00+02:00,1791352800000,,0.00,0.00,G,,latest-months
