parameter_id,configured_name,parameter_name,parameter_summary,unit,status,periods_used,error
1,Lufttemperatur,Lufttemperatur,"momentanvärde, 1 gång/tim",celsius,ok,corrected-archive+latest-months,
3,Vindriktning,Vindriktning,"medelvärde 10 min, 1 gång/tim",grader,ok,corrected-archive+latest-months,
4,Vindhastighet,Vindhastighet,"medelvärde 10 min, 1 gång/tim",meter per sekund,ok,corrected-archive+latest-months,
5,Nederbörd 1 dygn,Nederbördsmängd,"summa 1 dygn, 1 gång/dygn, kl 06",millimeter,ok,corrected-archive+latest-months,
6,Relativ luftfuktighet,Relativ Luftfuktighet,"momentanvärde, 1 gång/tim",procent,ok,corrected-archive+latest-months,
7,Nederbörd 1 timme,Nederbördsmängd,"summa 1 timme, 1 gång/tim",millimeter,ok,corrected-archive+latest-months,
8,Snödjup,Snödjup,"momentanvärde, 1 gång/dygn, kl 06",meter,ok,corrected-archive+latest-months,
9,Lufttryck,Lufttryck reducerat havsytans nivå,"vid havsytans nivå, momentanvärde, 1 gång/tim",hektopascal,ok,corrected-archive+latest-months,
10,Solskenstid,Solskenstid,"summa 1 timme, 1 gång/tim",sekund,ok,corrected-archive+latest-months,
11,Global irradians,Global Irradians (svenska stationer),"medelvärde 1 timma, varje timme",watt per kvadratmeter,ok,corrected-archive+latest-months,
12,Sikt,Sikt,"momentanvärde, 1 gång/tim",meter,ok,corrected-archive+latest-months,
13,Rådande väder,Rådande väder,"momentanvärde, 1 gång/tim resp 8 gånger/dygn",kod,ok,corrected-archive+latest-months,
16,Total molnmängd,Total molnmängd,"momentanvärde, 1 gång/tim",procent,ok,corrected-archive+latest-months,
21,Byvind,Byvind,"max, 1 gång/tim",meter per sekund,ok,corrected-archive+latest-months,
39,Daggpunktstemperatur,Daggpunktstemperatur,"momentanvärde, 1 gång/tim",celsius,ok,corrected-archive+latest-months,
