date;image_url;classified_area_share_pct;share_200plus;share_150_199;share_100_149;share_75_99;share_50_74;share_30_49;share_10_29;share_3_9;share_1_2;share_barmark
2025-10-27;https://www.smhi.se/pd/klimat/snow_depth/2526/sno251027.png;98.917;0.0;0.0;0.0;0.0;0.0;0.0;0.0;0.186;0.56;99.254
2025-10-28;https://www.smhi.se/pd/klimat/snow_depth/2526/sno251028.png;98.917;0.0;0.0;0.0;0.0;0.0;0.0;0.0;0.186;0.56;99.254
2025-10-29;https://www.smhi.se/pd/klimat/snow_depth/2526/sno251029.png;98.917;0.0;0.0;0.0;0.0;0.0;0.0;0.0;0.186;0.56;99.254
2025-10-30;https://www.smhi.se/pd/klimat/snow_depth/2526/sno251030.png;98.917;0.0;0.0;0.0;0.0;0.0;0.0;0.0;0.186;0.56;99.254
2025-10-31;https://www.smhi.se/pd/klimat/snow_depth/2526/sno251031.png;98.917;0.0;0.0;0.0;0.0;0.0;0.0;0.0;0.186;0.56;99.254
2025-11-01;https://www.smhi.se/pd/klimat/snow_depth/2526/sno251101.png;98.917;0.0;0.0;0.0;0.0;0.0;0.0;0.0;0.186;0.56;99.254
2025-11-02;https://www.smhi.se/pd/klimat/snow_depth/2526/sno251102.png;98.917;0.0;0.0;0.0;0.0;0.0;0.0;0.0;0.186;0.56;99.254
2025-11-03;https://www.smhi.se/pd/klimat/snow_depth/2526/sno251103.png;98.917;0.0;0.0;0.0;0.0;0.0;0.0;0.0;0.186;0.56;99.254
2025-11-04;https://www.smhi.se/pd/klimat/snow_depth/2526/sno251104.png;98.917;0.0;0.0;0.0;0.0;0.0;0.0;0.0;0.186;0.56;99.254
2025-11-05;https://www.smhi.se/pd/klimat/snow_depth/2526/sno251105.png;98.917;0.0;0.0;0.0;0.0;0.0;0.0;0.0;0.186;0.56;99.254
2025-11-06;https://www.smhi.se/pd/klimat/snow_depth/2526/sno251106.png;98.917;0.0;0.0;0.0;0.0;0.0;0.0;0.0;0.186;0.56;99.254
2025-11-07;https://www.smhi.se/pd/klimat/snow_depth/2526/sno251107.png;98.917;0.0;0.0;0.0;0.0;0.0;0.0;0.0;0.186;0.56;99.254
2025-11-08;https://www.smhi.se/pd/klimat/snow_depth/2526/sno251108.png;98.917;0.0;0.0;0.0;0.0;0.0;0.0;0.0;0.186;0.56;99.254
2025-11-09;https://www.smhi.se/pd/klimat/snow_depth/2526/sno251109.png;98.917;0.0;0.0;0.0;0.0;0.0;0.0;0.0;0.186;0.56;99.254
2025-11-10;https://www.smhi.se/pd/klimat/snow_depth/2526/sno251110.png;98.917;0.0;0.0;0.0;0.0;0.0;0.0;0.0;0.186;0.56;99.254
2025-11-11;https://www.smhi.se/pd/klimat/snow_depth/2526/sno251111.png;98.917;0.0;0.0;0.0;0.0;0.0;0.0;0.0;0.186;0.56;99.254
2025-11-12;https://www.smhi.se/pd/klimat/snow_depth/2526/sno251112.png;98.152;0.0;0.0;0.0;0.0;0.0;0.0;20.92;70.67;8.41;0.0
2025-11-13;https://www.smhi.se/pd/klimat/snow_depth/2526/sno251113.png;97.542;0.0;0.0;0.0;0.0;0.0;0.0;47.197;43.261;9.456;0.086
2025-11-14;https://www.smhi.se/pd/klimat/snow_depth/2526/sno251114.png;98.185;0.0;0.0;0.0;0.0;0.0;0.0;60.492;31.942;7.567;0.0
2025-11-15;https://www.smhi.se/pd/klimat/snow_depth/2526/sno251115.png;98.185;0.0;0.0;0.0;0.0;0.0;0.0;60.062;32.371;7.567;0.0
2025-11-16;https://www.smhi.se/pd/klimat/snow_depth/2526/sno251116.png;97.799;0.0;0.0;0.0;0.0;0.0;0.0;60.336;32.068;7.596;0.0
2025-11-17;https://www.smhi.se/pd/klimat/snow_depth/2526/sno251117.png;98.906;0.0;0.0;0.0;0.0;0.0;0.0;58.594;35.224;6.182;0.0
2025-11-18;https://www.smhi.se/pd/klimat/snow_depth/2526/sno251118.png;98.521;0.0;0.0;0.0;0.0;0.0;0.0;58.432;35.362;6.206;0.0
2025-11-19;https://www.smhi.se/pd/klimat/snow_depth/2526/sno251119.png;98.521;0.0;0.0;0.0;0.0;0.0;0.0;58.432;35.362;6.206;0.0
2025-11-20;https://www.smhi.se/pd/klimat/snow_depth/2526/sno251120.png;98.906;0.0;0.0;0.0;0.0;0.0;0.0;58.594;35.224;6.182;0.0
2025-11-21;https://www.smhi.se/pd/klimat/snow_depth/2526/sno251121.png;98.906;0.0;0.0;0.0;0.0;0.0;0.0;58.594;35.224;6.182;0.0
2025-11-22;https://www.smhi.se/pd/klimat/snow_depth/2526/sno251122.png;97.414;0.0;0.0;0.0;0.0;0.0;0.0;59.746;33.024;7.231;0.0
2025-11-23;https://www.smhi.se/pd/klimat/snow_depth/2526/sno251123.png;98.335;0.0;0.0;0.392;0.0;0.0;18.299;73.177;0.187;7.944;0.0
2025-11-24;https://www.smhi.se/pd/klimat/snow_depth/2526/sno251124.png;98.65;0.0;0.0;0.0;0.0;0.0;39.02;54.905;0.186;5.889;0.0
2025-11-25;https://www.smhi.se/pd/klimat/snow_depth/2526/sno251125.png;98.68;0.0;0.0;0.0;0.0;0.0;39.008;54.888;0.186;5.918;0.0
2025-11-26;https://www.smhi.se/pd/klimat/snow_depth/2526/sno251126.png;98.68;0.0;0.0;0.0;0.0;0.0;39.008;54.888;0.186;5.918;0.0
2025-11-27;https://www.smhi.se/pd/klimat/snow_depth/2526/sno251127.png;98.882;0.0;0.0;0.067;0.0;0.0;37.056;57.233;0.186;5.458;0.0
2025-11-28;https://www.smhi.se/pd/klimat/snow_depth/2526/sno251128.png;99.202;0.0;0.0;0.484;0.0;0.0;45.612;48.222;0.185;5.497;0.0
2025-11-29;https://www.smhi.se/pd/klimat/snow_depth/2526/sno251129.png;95.183;0.0;0.0;0.913;0.81;7.402;37.99;43.584;0.193;9.108;0.0
2025-11-30;https://www.smhi.se/pd/klimat/snow_depth/2526/sno251130.png;94.684;0.0;0.0;0.407;0.573;1.107;34.66;51.832;2.145;9.277;0.0
2025-12-01;https://www.smhi.se/pd/klimat/snow_depth/2526/sno251201.png;96.377;0.0;0.0;2.001;0.0;5.275;31.228;52.401;2.107;6.988;0.0
2025-12-02;https://www.smhi.se/pd/klimat/snow_depth/2526/sno251202.png;96.242;0.0;0.0;3.015;0.0;20.463;23.723;47.041;0.191;5.567;0.0
2025-12-03;https://www.smhi.se/pd/klimat/snow_depth/2526/sno251203.png;97.929;0.0;0.0;1.575;2.41;31.064;22.702;34.49;0.188;7.571;0.0
2025-12-04;https://www.smhi.se/pd/klimat/snow_depth/2526/sno251204.png;97.7;0.0;0.0;1.09;0.0;30.195;20.517;40.019;0.188;7.991;0.0
2025-12-05;https://www.smhi.se/pd/klimat/snow_depth/2526/sno251205.png;97.255;0.0;0.0;3.198;0.0;22.777;29.54;36.128;0.189;8.167;0.0
2025-12-06;https://www.smhi.se/pd/klimat/snow_depth/2526/sno251206.png;96.935;0.0;0.0;2.064;0.0;15.63;33.479;40.927;0.19;7.711;0.0
2025-12-07;https://www.smhi.se/pd/klimat/snow_depth/2526/sno251207.png;95.385;0.0;0.0;1.257;0.0;2.476;46.328;38.81;0.587;10.541;0.0
2025-12-08;https://www.smhi.se/pd/klimat/snow_depth/2526/sno251208.png;95.184;0.0;0.0;0.919;0.449;13.653;48.156;28.804;0.193;7.826;0.0
2025-12-09;https://www.smhi.se/pd/klimat/snow_depth/2526/sno251209.png;97.775;0.0;0.0;1.069;0.288;15.018;46.434;29.632;0.188;7.37;0.0
2025-12-10;https://www.smhi.se/pd/klimat/snow_depth/2526/sno251210.png;97.646;0.0;0.0;0.858;0.0;20.303;54.266;16.928;0.409;7.237;0.0
2025-12-11;https://www.smhi.se/pd/klimat/snow_depth/2526/sno251211.png;96.312;0.0;0.0;0.923;0.0;19.547;54.617;17.562;0.414;6.936;0.0
2025-12-12;https://www.smhi.se/pd/klimat/snow_depth/2526/sno251212.png;96.926;0.0;0.0;2.118;0.0;17.6;57.927;15.779;0.19;6.386;0.0
2025-12-13;https://www.smhi.se/pd/klimat/snow_depth/2526/sno251213.png;95.665;0.0;0.0;2.085;0.0;16.355;58.104;16.39;0.192;6.873;0.0
2025-12-14;https://www.smhi.se/pd/klimat/snow_depth/2526/sno251214.png;97.171;0.0;0.0;3.468;0.0;20.625;74.037;0.687;0.189;0.591;0.403
2025-12-15;https://www.smhi.se/pd/klimat/snow_depth/2526/sno251215.png;94.927;0.0;0.0;3.647;0.406;30.044;64.582;0.0;0.194;0.722;0.406
2025-12-16;https://www.smhi.se/pd/klimat/snow_depth/2526/sno251216.png;97.278;0.0;0.0;4.234;0.039;29.644;64.794;0.0;0.189;0.705;0.396
2025-12-17;https://www.smhi.se/pd/klimat/snow_depth/2526/sno251217.png;98.194;0.0;0.0;4.909;0.304;28.903;64.606;0.0;0.187;0.698;0.393
2025-12-18;https://www.smhi.se/pd/klimat/snow_depth/2526/sno251218.png;97.301;0.0;0.0;4.863;0.435;27.623;65.583;0.0;0.189;0.91;0.396
2025-12-19;https://www.smhi.se/pd/klimat/snow_depth/2526/sno251219.png;96.862;0.0;0.0;3.869;0.148;24.882;65.821;2.131;0.19;2.561;0.398
2025-12-20;https://www.smhi.se/pd/klimat/snow_depth/2526/sno251220.png;96.926;0.0;0.0;3.902;0.0;18.623;64.569;6.546;0.587;5.772;0.0
2025-12-21;https://www.smhi.se/pd/klimat/snow_depth/2526/sno251221.png;96.926;0.0;0.0;1.66;0.0;18.623;62.985;9.963;0.19;6.579;0.0
2025-12-22;https://www.smhi.se/pd/klimat/snow_depth/2526/sno251222.png;97.311;0.0;0.0;2.05;0.0;18.549;62.736;9.924;0.189;6.553;0.0
2025-12-23;https://www.smhi.se/pd/klimat/snow_depth/2526/sno251223.png;97.311;0.0;0.0;2.05;0.0;18.549;62.736;9.924;0.189;6.553;0.0
2025-12-24;https://www.smhi.se/pd/klimat/snow_depth/2526/sno251224.png;96.669;0.0;0.0;1.664;0.0;18.407;63.152;9.99;0.19;6.596;0.0
2025-12-25;https://www.smhi.se/pd/klimat/snow_depth/2526/sno251225.png;96.933;0.0;0.0;2.297;0.0;14.943;62.942;12.771;0.19;6.858;0.0
2025-12-26;https://www.smhi.se/pd/klimat/snow_depth/2526/sno251226.png;94.945;0.0;0.0;0.966;0.0;4.225;70.349;17.23;0.194;7.036;0.0
2025-12-27;https://www.smhi.se/pd/klimat/snow_depth/2526/sno251227.png;98.019;0.0;0.0;0.911;0.0;1.581;70.792;18.844;0.407;7.464;0.0
2025-12-28;https://www.smhi.se/pd/klimat/snow_depth/2526/sno251228.png;96.528;0.0;0.0;1.968;0.0;2.191;71.509;17.361;0.19;6.78;0.0
2025-12-29;https://www.smhi.se/pd/klimat/snow_depth/2526/sno251229.png;97.274;0.0;0.0;1.953;0.0;2.153;70.707;18.417;0.189;6.581;0.0
2025-12-30;https://www.smhi.se/pd/klimat/snow_depth/2526/sno251230.png;97.274;0.0;0.0;1.953;0.0;2.153;69.767;18.813;0.189;7.125;0.0
2025-12-31;https://www.smhi.se/pd/klimat/snow_depth/2526/sno251231.png;97.659;0.0;0.0;1.945;0.0;2.144;70.428;18.739;0.188;6.555;0.0
2026-01-01;https://www.smhi.se/pd/klimat/snow_depth/2526/sno260101.png;98.073;0.0;0.0;2.034;0.0;14.77;58.215;18.267;0.187;6.528;0.0
2026-01-02;https://www.smhi.se/pd/klimat/snow_depth/2526/sno260102.png;98.334;0.0;0.0;2.42;0.0;15.127;58.981;15.866;0.187;7.419;0.0
2026-01-03;https://www.smhi.se/pd/klimat/snow_depth/2526/sno260103.png;97.177;0.0;0.0;2.449;0.0;15.307;58.89;15.833;0.189;7.332;0.0
2026-01-04;https://www.smhi.se/pd/klimat/snow_depth/2526/sno260104.png;98.598;0.0;0.0;2.414;0.0;15.087;58.824;15.823;0.186;7.666;0.0
2026-01-05;https://www.smhi.se/pd/klimat/snow_depth/2526/sno260105.png;98.468;0.0;0.0;2.285;0.0;15.107;58.901;15.844;0.187;7.676;0.0
2026-01-06;https://www.smhi.se/pd/klimat/snow_depth/2526/sno260106.png;97.347;0.0;0.0;2.275;0.0;15.677;58.561;15.805;0.189;7.494;0.0
2026-01-07;https://www.smhi.se/pd/klimat/snow_depth/2526/sno260107.png;97.826;0.0;0.0;2.264;0.0;15.6;58.274;15.948;0.188;7.727;0.0
2026-01-08;https://www.smhi.se/pd/klimat/snow_depth/2526/sno260108.png;97.826;0.0;0.0;2.264;0.0;15.6;58.274;15.948;0.188;7.727;0.0
2026-01-09;https://www.smhi.se/pd/klimat/snow_depth/2526/sno260109.png;97.441;0.0;0.0;2.272;0.0;15.662;58.109;16.011;0.189;7.757;0.0
2026-01-10;https://www.smhi.se/pd/klimat/snow_depth/2526/sno260110.png;96.54;0.0;0.0;1.727;0.0;16.073;62.287;13.127;0.19;6.596;0.0
2026-01-11;https://www.smhi.se/pd/klimat/snow_depth/2526/sno260111.png;96.284;0.0;0.0;2.3;0.0;15.85;61.885;13.162;0.191;6.613;0.0
2026-01-12;https://www.smhi.se/pd/klimat/snow_depth/2526/sno260112.png;95.898;0.0;0.0;2.309;0.0;15.913;62.133;13.215;0.192;6.238;0.0
2026-01-13;https://www.smhi.se/pd/klimat/snow_depth/2526/sno260113.png;94.897;0.0;0.0;4.44;0.0;22.977;60.988;7.021;0.194;4.381;0.0
2026-01-14;https://www.smhi.se/pd/klimat/snow_depth/2526/sno260114.png;96.108;0.0;0.0;0.871;0.0;33.28;57.461;4.019;0.191;4.172;0.006
2026-01-15;https://www.smhi.se/pd/klimat/snow_depth/2526/sno260115.png;96.538;0.0;0.0;1.921;0.0;31.538;57.797;4.4;0.19;4.154;0.0
2026-01-16;https://www.smhi.se/pd/klimat/snow_depth/2526/sno260116.png;96.877;0.0;0.0;2.807;0.0;37.338;55.626;1.906;0.19;1.648;0.485
2026-01-17;https://www.smhi.se/pd/klimat/snow_depth/2526/sno260117.png;97.109;0.0;0.0;3.13;0.0;44.213;48.915;1.902;0.189;1.253;0.397
2026-01-18;https://www.smhi.se/pd/klimat/snow_depth/2526/sno260118.png;97.403;0.0;0.0;2.405;0.0;44.852;49.411;1.42;0.189;1.328;0.396
2026-01-19;https://www.smhi.se/pd/klimat/snow_depth/2526/sno260119.png;97.875;0.0;0.0;3.178;0.0;44.605;48.505;1.493;0.188;1.638;0.394
2026-01-20;https://www.smhi.se/pd/klimat/snow_depth/2526/sno260120.png;97.875;0.0;0.0;3.178;0.0;44.605;48.505;1.493;0.188;1.638;0.394
2026-01-21;https://www.smhi.se/pd/klimat/snow_depth/2526/sno260121.png;97.875;0.0;0.0;3.178;0.0;44.605;48.505;1.493;0.188;1.638;0.394
2026-01-22;https://www.smhi.se/pd/klimat/snow_depth/2526/sno260122.png;97.614;0.0;0.0;2.912;0.0;44.346;49.029;1.497;0.188;1.633;0.395
2026-01-23;https://www.smhi.se/pd/klimat/snow_depth/2526/sno260123.png;97.614;0.0;0.0;2.912;0.0;44.346;49.029;1.497;0.188;1.633;0.395
2026-01-24;https://www.smhi.se/pd/klimat/snow_depth/2526/sno260124.png;97.932;0.0;0.0;3.176;0.0;43.85;49.264;1.492;0.188;1.637;0.394
2026-01-25;https://www.smhi.se/pd/klimat/snow_depth/2526/sno260125.png;97.932;0.0;0.0;3.176;0.0;43.85;49.264;1.492;0.188;1.637;0.394
2026-01-26;https://www.smhi.se/pd/klimat/snow_depth/2526/sno260126.png;97.992;0.0;0.0;2.901;0.0;44.551;48.84;1.491;0.188;1.636;0.394
2026-01-27;https://www.smhi.se/pd/klimat/snow_depth/2526/sno260127.png;97.991;0.0;0.0;2.901;0.0;44.552;49.234;1.491;0.188;1.241;0.394
2026-01-28;https://www.smhi.se/pd/klimat/snow_depth/2526/sno260128.png;97.248;0.0;0.0;2.677;0.0;44.892;50.312;0.217;0.189;1.317;0.397
2026-01-29;https://www.smhi.se/pd/klimat/snow_depth/2526/sno260129.png;96.547;0.0;0.0;2.3;0.0;45.249;51.186;0.0;0.19;0.574;0.501
2026-01-30;https://www.smhi.se/pd/klimat/snow_depth/2526/sno260130.png;97.504;0.0;0.0;2.761;0.392;45.439;50.256;0.0;0.188;0.569;0.395
2026-01-31;https://www.smhi.se/pd/klimat/snow_depth/2526/sno260131.png;97.504;0.0;0.0;2.761;0.392;45.439;50.256;0.0;0.188;0.569;0.395
2026-02-01;https://www.smhi.se/pd/klimat/snow_depth/2526/sno260201.png;97.373;0.0;0.0;2.764;0.393;45.365;50.323;0.0;0.189;0.569;0.396
2026-02-02;https://www.smhi.se/pd/klimat/snow_depth/2526/sno260202.png;97.543;0.0;0.0;2.76;0.392;45.461;50.236;0.0;0.188;0.568;0.395
2026-02-03;https://www.smhi.se/pd/klimat/snow_depth/2526/sno260203.png;97.543;0.0;0.0;2.659;0.392;45.461;50.236;0.0;0.188;0.568;0.496
2026-02-04;https://www.smhi.se/pd/klimat/snow_depth/2526/sno260204.png;97.543;0.0;0.0;2.76;0.392;45.461;50.236;0.0;0.188;0.568;0.395
2026-02-05;https://www.smhi.se/pd/klimat/snow_depth/2526/sno260205.png;97.543;0.0;0.0;2.659;0.392;45.461;50.236;0.0;0.188;0.568;0.496
2026-02-06;https://www.smhi.se/pd/klimat/snow_depth/2526/sno260206.png;97.543;0.0;0.0;2.659;0.392;45.461;50.236;0.0;0.188;0.568;0.496
2026-02-07;https://www.smhi.se/pd/klimat/snow_depth/2526/sno260207.png;97.079;0.0;0.0;2.275;0.394;46.21;49.863;0.0;0.189;0.571;0.498
2026-02-08;https://www.smhi.se/pd/klimat/snow_depth/2526/sno260208.png;97.079;0.0;0.0;2.275;0.394;46.21;49.863;0.0;0.189;0.571;0.498
2026-02-09;https://www.smhi.se/pd/klimat/snow_depth/2526/sno260209.png;97.079;0.0;0.0;2.275;0.394;46.21;49.863;0.0;0.189;0.571;0.498
2026-02-10;https://www.smhi.se/pd/klimat/snow_depth/2526/sno260210.png;97.079;0.0;0.0;2.275;0.394;46.21;49.863;0.0;0.189;0.571;0.498
2026-02-11;https://www.smhi.se/pd/klimat/snow_depth/2526/sno260211.png;97.082;0.0;0.0;2.275;0.394;46.212;49.861;0.0;0.189;0.571;0.498
2026-02-12;https://www.smhi.se/pd/klimat/snow_depth/2526/sno260212.png;98.072;0.0;0.0;2.671;0.0;47.526;48.658;0.0;0.187;0.565;0.393
2026-02-13;https://www.smhi.se/pd/klimat/snow_depth/2526/sno260213.png;97.674;0.0;0.0;2.261;0.392;46.538;49.559;0.0;0.188;0.568;0.495
2026-02-14;https://www.smhi.se/pd/klimat/snow_depth/2526/sno260214.png;97.674;0.0;0.0;2.261;0.392;46.538;49.559;0.0;0.188;0.568;0.495
2026-02-15;https://www.smhi.se/pd/klimat/snow_depth/2526/sno260215.png;97.674;0.0;0.0;2.261;0.392;46.538;49.559;0.0;0.188;0.568;0.495
2026-02-16;https://www.smhi.se/pd/klimat/snow_depth/2526/sno260216.png;97.674;0.0;0.0;2.261;0.392;46.538;49.559;0.0;0.188;0.568;0.495
2026-02-17;https://www.smhi.se/pd/klimat/snow_depth/2526/sno260217.png;97.674;0.0;0.0;2.261;0.392;46.538;49.559;0.0;0.188;0.568;0.495
2026-02-18;https://www.smhi.se/pd/klimat/snow_depth/2526/sno260218.png;97.802;0.0;0.0;1.551;0.0;48.478;48.396;0.0;0.188;0.567;0.821
2026-02-19;https://www.smhi.se/pd/klimat/snow_depth/2526/sno260219.png;97.855;0.0;0.0;2.729;0.326;49.943;45.753;0.0;0.188;0.566;0.494
2026-02-20;https://www.smhi.se/pd/klimat/snow_depth/2526/sno260220.png;96.273;0.0;0.0;1.538;0.332;50.764;46.098;0.0;0.191;0.576;0.502
2026-02-21;https://www.smhi.se/pd/klimat/snow_depth/2526/sno260221.png;96.084;0.0;0.0;3.971;0.332;62.644;31.781;0.0;0.191;0.577;0.503
2026-02-22;https://www.smhi.se/pd/klimat/snow_depth/2526/sno260222.png;96.175;0.0;0.0;4.099;0.332;69.56;24.739;0.0;0.191;0.576;0.503
2026-02-23;https://www.smhi.se/pd/klimat/snow_depth/2526/sno260223.png;96.561;0.0;0.0;3.315;0.331;68.084;27.005;0.0;0.19;0.574;0.501
2026-02-24;https://www.smhi.se/pd/klimat/snow_depth/2526/sno260224.png;96.561;0.0;0.0;3.965;0.331;70.229;24.209;0.0;0.19;0.574;0.501
2026-02-25;https://www.smhi.se/pd/klimat/snow_depth/2526/sno260225.png;96.032;0.0;0.0;3.586;0.333;70.467;24.343;0.0;0.191;0.577;0.504
2026-02-26;https://www.smhi.se/pd/klimat/snow_depth/2526/sno260226.png;96.305;0.0;0.0;3.874;3.183;73.539;18.135;0.0;0.191;0.576;0.502
2026-02-27;https://www.smhi.se/pd/klimat/snow_depth/2526/sno260227.png;96.781;0.0;0.0;3.485;12.201;72.873;10.179;0.0;0.19;0.573;0.5
2026-02-28;https://www.smhi.se/pd/klimat/snow_depth/2526/sno260228.png;98.134;0.0;0.0;2.467;23.45;69.114;3.936;0.0;0.187;0.565;0.281
2026-03-01;https://www.smhi.se/pd/klimat/snow_depth/2526/sno260301.png;98.066;0.0;0.0;2.118;18.238;73.893;4.723;0.0;0.187;0.565;0.275
2026-03-02;https://www.smhi.se/pd/klimat/snow_depth/2526/sno260302.png;97.953;0.0;0.0;2.397;20.456;71.781;4.337;0.0;0.188;0.566;0.275
2026-03-03;https://www.smhi.se/pd/klimat/snow_depth/2526/sno260303.png;97.28;0.0;0.0;0.917;25.526;69.684;2.57;0.0;0.189;0.57;0.544
2026-03-04;https://www.smhi.se/pd/klimat/snow_depth/2526/sno260304.png;98.064;0.0;0.0;0.045;37.485;59.935;1.41;0.0;0.187;0.565;0.373
2026-03-05;https://www.smhi.se/pd/klimat/snow_depth/2526/sno260305.png;98.528;0.0;0.0;0.708;37.133;59.828;1.483;0.0;0.187;0.563;0.099
2026-03-06;https://www.smhi.se/pd/klimat/snow_depth/2526/sno260306.png;97.897;0.0;0.0;0.592;36.335;59.346;2.873;0.0;0.188;0.566;0.1
2026-03-07;https://www.smhi.se/pd/klimat/snow_depth/2526/sno260307.png;97.558;0.0;0.0;1.627;22.625;69.933;4.674;0.0;0.188;0.568;0.384
2026-03-08;https://www.smhi.se/pd/klimat/snow_depth/2526/sno260308.png;98.096;0.0;0.0;1.509;0.55;91.24;5.849;0.0;0.187;0.565;0.1
2026-03-09;https://www.smhi.se/pd/klimat/snow_depth/2526/sno260309.png;98.709;0.0;0.0;3.504;0.324;83.081;11.854;0.0;0.186;0.562;0.49
2026-03-10;https://www.smhi.se/pd/klimat/snow_depth/2526/sno260310.png;97.284;0.0;0.0;3.952;0.328;82.437;12.028;0.0;0.189;0.57;0.497
2026-03-11;https://www.smhi.se/pd/klimat/snow_depth/2526/sno260311.png;98.12;0.0;0.0;4.193;0.325;80.948;13.289;0.0;0.187;0.565;0.493
2026-03-12;https://www.smhi.se/pd/klimat/snow_depth/2526/sno260312.png;96.963;0.0;0.0;3.447;0.329;81.516;13.447;0.0;0.19;0.572;0.499
2026-03-13;https://www.smhi.se/pd/klimat/snow_depth/2526/sno260313.png;96.804;0.0;0.0;3.979;0.33;68.258;26.172;0.0;0.19;0.573;0.5
2026-03-14;https://www.smhi.se/pd/klimat/snow_depth/2526/sno260314.png;96.141;0.0;0.0;2.087;0.332;55.91;40.4;0.0;0.191;0.577;0.503
2026-03-15;https://www.smhi.se/pd/klimat/snow_depth/2526/sno260315.png;96.663;0.0;0.0;1.569;0.33;52.954;43.883;0.0;0.19;0.573;0.5
2026-03-16;https://www.smhi.se/pd/klimat/snow_depth/2526/sno260316.png;97.267;0.0;0.0;2.351;0.0;47.601;48.792;0.0;0.189;0.57;0.497
2026-03-17;https://www.smhi.se/pd/klimat/snow_depth/2526/sno260317.png;97.971;0.0;0.0;2.334;0.0;47.259;48.485;0.0;0.188;0.915;0.82
2026-03-18;https://www.smhi.se/pd/klimat/snow_depth/2526/sno260318.png;97.985;0.0;0.0;1.974;0.0;46.872;48.859;0.349;0.188;1.365;0.394
2026-03-19;https://www.smhi.se/pd/klimat/snow_depth/2526/sno260319.png;96.312;0.0;0.0;5.552;0.4;26.265;62.362;2.136;0.191;2.693;0.4
2026-03-20;https://www.smhi.se/pd/klimat/snow_depth/2526/sno260320.png;96.118;0.0;0.0;2.705;0.0;21.984;57.981;10.705;0.191;6.433;0.0
2026-03-21;https://www.smhi.se/pd/klimat/snow_depth/2526/sno260321.png;97.114;0.0;0.0;1.995;0.0;12.953;24.061;49.777;3.56;7.655;0.0
2026-03-22;https://www.smhi.se/pd/klimat/snow_depth/2526/sno260322.png;95.865;0.0;0.0;1.458;0.182;2.81;31.018;51.549;5.984;7.0;0.0
2026-03-23;https://www.smhi.se/pd/klimat/snow_depth/2526/sno260323.png;96.87;0.0;0.0;0.809;0.0;2.398;30.945;58.983;0.201;6.665;0.0
2026-03-24;https://www.smhi.se/pd/klimat/snow_depth/2526/sno260324.png;98.769;0.0;0.0;0.86;0.002;0.461;31.404;58.792;0.627;7.856;0.0
2026-03-25;https://www.smhi.se/pd/klimat/snow_depth/2526/sno260325.png;96.888;0.0;0.0;0.785;0.0;2.519;30.613;58.187;0.628;7.268;0.0
2026-03-26;https://www.smhi.se/pd/klimat/snow_depth/2526/sno260326.png;97.393;0.0;0.0;0.0;0.0;0.0;29.566;60.331;2.165;7.938;0.0
2026-03-27;https://www.smhi.se/pd/klimat/snow_depth/2526/sno260327.png;98.361;0.0;0.0;0.0;0.0;0.0;24.541;58.74;7.236;9.483;0.0
2026-03-28;https://www.smhi.se/pd/klimat/snow_depth/2526/sno260328.png;98.099;0.0;0.0;0.0;0.0;0.0;38.086;52.999;1.364;7.552;0.0
2026-03-29;https://www.smhi.se/pd/klimat/snow_depth/2526/sno260329.png;98.873;0.0;0.0;0.0;0.0;0.0;35.009;50.865;4.392;9.734;0.0
2026-03-30;https://www.smhi.se/pd/klimat/snow_depth/2526/sno260330.png;98.113;0.0;0.0;0.0;0.0;0.0;34.494;50.322;6.66;8.524;0.0
2026-03-31;https://www.smhi.se/pd/klimat/snow_depth/2526/sno260331.png;98.87;0.0;0.0;0.0;0.0;0.0;31.545;47.399;11.245;9.81;0.0
2026-04-01;https://www.smhi.se/pd/klimat/snow_depth/2526/sno260401.png;96.912;0.0;0.0;0.059;0.0;0.0;18.835;52.765;18.514;9.827;0.0
2026-04-02;https://www.smhi.se/pd/klimat/snow_depth/2526/sno260402.png;97.793;0.0;0.0;0.89;0.0;0.0;17.477;48.907;19.31;13.416;0.0
2026-04-03;https://www.smhi.se/pd/klimat/snow_depth/2526/sno260403.png;97.956;0.0;0.0;0.3;0.0;0.0;17.448;47.453;19.71;15.09;0.0
2026-04-04;https://www.smhi.se/pd/klimat/snow_depth/2526/sno260404.png;98.537;0.0;0.0;0.24;0.0;0.0;16.949;47.951;19.593;15.267;0.0
2026-04-05;https://www.smhi.se/pd/klimat/snow_depth/2526/sno260405.png;98.072;0.0;0.0;0.378;0.0;0.0;11.34;53.252;23.314;11.716;0.0
2026-04-06;https://www.smhi.se/pd/klimat/snow_depth/2526/sno260406.png;96.54;0.0;0.0;0.0;0.0;0.0;12.303;50.102;28.136;9.459;0.0
2026-04-07;https://www.smhi.se/pd/klimat/snow_depth/2526/sno260407.png;97.683;0.0;0.0;0.0;0.0;0.0;12.941;44.805;30.178;12.076;0.0
2026-04-08;https://www.smhi.se/pd/klimat/snow_depth/2526/sno260408.png;95.645;0.0;0.0;0.0;0.0;0.0;4.608;34.48;14.51;46.402;0.0
2026-04-09;https://www.smhi.se/pd/klimat/snow_depth/2526/sno260409.png;95.431;0.0;0.0;0.0;0.0;0.0;6.211;42.538;33.296;17.955;0.0
2026-04-10;https://www.smhi.se/pd/klimat/snow_depth/2526/sno260410.png;95.071;0.0;0.0;0.0;0.0;0.0;5.422;43.35;33.641;17.587;0.0
2026-04-11;https://www.smhi.se/pd/klimat/snow_depth/2526/sno260411.png;96.843;0.0;0.0;0.0;0.0;0.0;1.999;43.579;29.451;24.971;0.0
2026-04-12;https://www.smhi.se/pd/klimat/snow_depth/2526/sno260412.png;96.034;0.0;0.0;0.0;0.0;0.0;2.016;48.348;34.111;15.526;0.0
2026-04-13;https://www.smhi.se/pd/klimat/snow_depth/2526/sno260413.png;94.038;0.0;0.0;0.0;0.0;0.0;0.317;37.052;11.066;31.513;20.052
2026-04-14;https://www.smhi.se/pd/klimat/snow_depth/2526/sno260414.png;93.761;0.0;0.0;0.0;0.0;0.0;0.318;33.513;6.87;34.337;24.961
2026-04-15;https://www.smhi.se/pd/klimat/snow_depth/2526/sno260415.png;92.239;0.0;0.0;0.0;0.0;0.0;0.0;24.7;6.245;40.073;28.982
2026-04-16;https://www.smhi.se/pd/klimat/snow_depth/2526/sno260416.png;96.984;0.0;0.0;0.0;0.0;0.0;0.0;20.988;4.172;8.956;65.884
2026-04-17;https://www.smhi.se/pd/klimat/snow_depth/2526/sno260417.png;97.855;0.0;0.0;0.0;0.0;0.0;0.0;0.563;0.953;3.199;95.285
2026-04-18;https://www.smhi.se/pd/klimat/snow_depth/2526/sno260418.png;97.855;0.0;0.0;0.0;0.0;0.0;0.0;0.563;0.953;3.199;95.285
2026-04-19;https://www.smhi.se/pd/klimat/snow_depth/2526/sno260419.png;93.212;0.0;0.0;0.0;0.0;0.0;0.0;0.981;0.611;20.781;77.628
2026-04-20;https://www.smhi.se/pd/klimat/snow_depth/2526/sno260420.png;92.935;0.0;0.0;0.0;0.0;0.0;0.0;0.966;0.613;19.507;78.914
2026-04-21;https://www.smhi.se/pd/klimat/snow_depth/2526/sno260421.png;92.935;0.0;0.0;0.0;0.0;0.0;0.0;0.966;0.613;19.507;78.914
2026-04-22;https://www.smhi.se/pd/klimat/snow_depth/2526/sno260422.png;92.854;0.0;0.0;0.0;0.0;0.0;0.0;0.84;0.613;18.268;80.278
2026-04-23;https://www.smhi.se/pd/klimat/snow_depth/2526/sno260423.png;93.39;0.0;0.0;0.0;0.0;0.0;0.0;0.668;0.61;18.163;80.559
2026-04-24;https://www.smhi.se/pd/klimat/snow_depth/2526/sno260424.png;93.39;0.0;0.0;0.0;0.0;0.0;0.0;0.668;0.61;18.163;80.559
2026-04-25;https://www.smhi.se/pd/klimat/snow_depth/2526/sno260425.png;98.375;0.0;0.0;0.0;0.0;0.0;0.0;0.634;0.579;2.66;96.128
2026-04-26;https://www.smhi.se/pd/klimat/snow_depth/2526/sno260426.png;98.033;0.0;0.0;0.0;0.0;0.0;0.0;0.636;0.581;2.32;96.463
2026-04-27;https://www.smhi.se/pd/klimat/snow_depth/2526/sno260427.png;98.189;0.0;0.0;0.0;0.0;0.0;0.0;0.635;0.58;2.476;96.309
2026-04-28;https://www.smhi.se/pd/klimat/snow_depth/2526/sno260428.png;98.033;0.0;0.0;0.0;0.0;0.0;0.0;0.636;0.581;2.32;96.463
2026-04-29;https://www.smhi.se/pd/klimat/snow_depth/2526/sno260429.png;98.033;0.0;0.0;0.0;0.0;0.0;0.0;0.636;0.581;2.32;96.463
2026-04-30;https://www.smhi.se/pd/klimat/snow_depth/2526/sno260430.png;98.033;0.0;0.0;0.0;0.0;0.0;0.0;0.636;0.581;2.32;96.463
2026-05-01;https://www.smhi.se/pd/klimat/snow_depth/2526/sno260501.png;95.541;0.0;0.0;0.0;0.0;0.0;0.0;3.393;3.007;8.476;85.124
2026-05-02;https://www.smhi.se/pd/klimat/snow_depth/2526/sno260502.png;95.529;0.0;0.0;0.0;0.0;0.0;0.0;3.542;2.603;8.416;85.439
2026-05-03;https://www.smhi.se/pd/klimat/snow_depth/2526/sno260503.png;98.917;0.0;0.0;0.0;0.0;0.0;0.0;0.0;0.186;0.56;99.254
2026-05-04;https://www.smhi.se/pd/klimat/snow_depth/2526/sno260504.png;98.917;0.0;0.0;0.0;0.0;0.0;0.0;0.0;0.186;0.56;99.254
2026-05-05;https://www.smhi.se/pd/klimat/snow_depth/2526/sno260505.png;98.917;0.0;0.0;0.0;0.0;0.0;0.0;0.0;0.186;0.56;99.254
2026-05-06;https://www.smhi.se/pd/klimat/snow_depth/2526/sno260506.png;96.603;0.0;0.0;0.0;0.0;0.0;0.0;2.897;11.054;13.716;72.333
2026-05-07;https://www.smhi.se/pd/klimat/snow_depth/2526/sno260507.png;98.917;0.0;0.0;0.0;0.0;0.0;0.0;0.0;0.186;0.56;99.254
2026-05-08;https://www.smhi.se/pd/klimat/snow_depth/2526/sno260508.png;98.917;0.0;0.0;0.0;0.0;0.0;0.0;0.0;0.186;0.56;99.254
2026-05-09;https://www.smhi.se/pd/klimat/snow_depth/2526/sno260509.png;98.917;0.0;0.0;0.0;0.0;0.0;0.0;0.0;0.186;0.56;99.254
2026-05-10;https://www.smhi.se/pd/klimat/snow_depth/2526/sno260510.png;98.917;0.0;0.0;0.0;0.0;0.0;0.0;0.0;0.186;0.56;99.254
2026-05-11;https://www.smhi.se/pd/klimat/snow_depth/2526/sno260511.png;98.917;0.0;0.0;0.0;0.0;0.0;0.0;0.0;0.186;0.56;99.254
2026-05-12;https://www.smhi.se/pd/klimat/snow_depth/2526/sno260512.png;98.917;0.0;0.0;0.0;0.0;0.0;0.0;0.0;0.186;0.56;99.254
2026-05-13;https://www.smhi.se/pd/klimat/snow_depth/2526/sno260513.png;98.917;0.0;0.0;0.0;0.0;0.0;0.0;0.0;0.186;0.56;99.254
2026-05-14;https://www.smhi.se/pd/klimat/snow_depth/2526/sno260514.png;98.917;0.0;0.0;0.0;0.0;0.0;0.0;0.0;0.186;0.56;99.254
2026-05-15;https://www.smhi.se/pd/klimat/snow_depth/2526/sno260515.png;98.917;0.0;0.0;0.0;0.0;0.0;0.0;0.0;0.186;0.56;99.254
2026-05-16;https://www.smhi.se/pd/klimat/snow_depth/2526/sno260516.png;98.917;0.0;0.0;0.0;0.0;0.0;0.0;0.0;0.186;0.56;99.254
2026-05-17;https://www.smhi.se/pd/klimat/snow_depth/2526/sno260517.png;98.917;0.0;0.0;0.0;0.0;0.0;0.0;0.0;0.186;0.56;99.254
