datetime_utc,year,month,day,lat,lon,current_ka,multiplicity,chi_square,cloud_indicator,surface_class,uncertainty_pair,uncertain_area_500,coast_uncertain_250,coast_uncertain_500,coast_uncertain_1000,municipality_boundary_uncertain_250,municipality_boundary_uncertain_500,municipality_boundary_uncertain_1000
2026-05-07T09:48:55.930352Z,2026,5,7,65.737600,22.215400,7.0,0,12.0,1,mainland,inland_water__mainland,1,0,0,0,0,0,0
2026-05-07T09:48:55.931963Z,2026,5,7,65.739400,22.211800,12.0,0,27.3,1,mainland,inland_water__mainland,1,0,0,0,0,0,0
2026-05-07T09:48:55.932545Z,2026,5,7,65.747000,22.216700,5.0,0,3.2,1,inland_water,inland_water__mainland,1,0,0,0,0,0,0
2026-05-07T09:51:26.785168Z,2026,5,7,65.731600,22.217900,10.0,0,6.4,1,mainland,inland_water__mainland,1,0,0,0,0,0,0
2026-05-07T09:51:26.786318Z,2026,5,7,65.752700,22.197000,4.0,0,14.3,1,mainland,inland_water__mainland,1,0,0,0,0,0,0
2026-05-07T09:51:26.821527Z,2026,5,7,65.721900,22.183100,-4.0,0,8.3,1,mainland,inland_water__mainland,1,0,0,0,0,0,0
2026-05-07T10:30:03.038839Z,2026,5,7,65.750400,22.031500,7.0,0,3.3,1,mainland,,0,0,0,0,0,0,0
2026-05-07T10:32:56.778491Z,2026,5,7,65.757900,22.035200,9.0,0,5.5,1,mainland,,0,0,0,0,0,0,0
2026-05-07T10:41:58.826486Z,2026,5,7,65.772200,21.981000,5.0,0,5.4,1,mainland,,0,0,0,0,0,0,0
2026-05-07T10:41:58.856501Z,2026,5,7,65.781800,21.993100,8.0,0,11.8,1,mainland,,0,0,0,0,0,0,0
2026-05-07T10:47:45.060163Z,2026,5,7,65.767800,22.009900,8.0,0,11.7,1,mainland,,0,0,0,0,0,0,0
2026-05-07T10:50:21.311931Z,2026,5,7,65.763800,21.975800,8.0,0,8.3,1,mainland,,0,0,0,0,0,0,0
2026-05-07T10:50:21.377583Z,2026,5,7,65.776000,22.002400,6.0,0,8.7,1,mainland,,0,0,0,0,0,0,0
2026-05-07T10:56:47.429753Z,2026,5,7,65.767600,21.966700,8.0,0,2.9,1,mainland,,0,0,0,0,0,0,0
2026-05-07T10:58:10.847078Z,2026,5,7,65.776800,22.010200,-6.0,0,9.1,1,mainland,,0,0,0,0,0,0,0
2026-05-07T11:00:31.868976Z,2026,5,7,65.781500,21.924000,6.0,0,11.1,1,mainland,inland_water__mainland,1,0,0,0,0,0,0
2026-05-07T11:51:13.931916Z,2026,5,7,65.253400,22.642300,3.0,0,1.4,1,sea,,0,0,0,0,0,0,0
2026-05-07T11:51:13.932240Z,2026,5,7,65.702200,21.918700,7.0,0,13.5,1,mainland,,0,0,0,0,0,0,0
2026-05-07T12:04:24.628515Z,2026,5,7,66.263100,22.097200,6.0,0,2.2,1,mainland,,0,0,0,0,0,0,1
2026-05-07T12:06:02.948397Z,2026,5,7,65.548600,21.588000,8.0,0,3.7,1,mainland,inland_water__mainland,1,0,0,0,1,1,1
2026-05-07T12:06:03.442340Z,2026,5,7,65.650100,21.746600,6.0,0,2.9,1,mainland,,0,0,0,0,0,0,0
2026-05-07T12:07:29.340585Z,2026,5,7,65.573100,21.634200,-6.0,0,5.0,1,mainland,,0,0,0,0,0,0,0
2026-05-07T12:13:37.221369Z,2026,5,7,65.564800,21.632300,-30.0,0,10.4,1,mainland,,0,0,0,0,0,0,0
2026-05-07T12:21:45.275514Z,2026,5,7,65.530800,21.654100,20.0,0,15.3,1,inland_water,inland_water__mainland,1,0,0,0,0,0,0
2026-05-07T12:25:03.605079Z,2026,5,7,65.598100,21.685900,-38.0,0,20.6,1,mainland,,0,0,0,0,0,0,0
2026-05-07T12:28:30.351811Z,2026,5,7,66.193800,22.252200,-12.0,0,7.1,1,mainland,,1,0,0,0,0,1,1
2026-05-07T12:31:11.064692Z,2026,5,7,66.220100,22.116800,5.0,0,10.0,1,mainland,inland_water__mainland,1,0,0,0,0,0,0
2026-05-07T12:37:01.866354Z,2026,5,7,65.553900,21.766100,14.0,0,6.2,1,mainland,,0,0,0,0,0,0,0
2026-05-07T12:45:02.687746Z,2026,5,7,65.558400,21.784400,10.0,0,10.2,1,mainland,inland_water__mainland,1,0,0,0,0,0,0
2026-05-07T12:45:02.691515Z,2026,5,7,65.604000,21.757100,4.0,0,8.4,1,mainland,,0,0,0,0,0,0,0
2026-05-07T12:45:02.708622Z,2026,5,7,65.557100,21.827300,9.0,0,11.9,1,mainland,,0,0,0,0,0,0,0
2026-05-07T12:47:39.995635Z,2026,5,7,66.159700,22.192900,-18.0,0,10.1,1,mainland,inland_water__mainland,1,0,0,0,0,0,0
2026-05-07T12:50:16.519251Z,2026,5,7,66.175000,22.257400,-7.0,0,7.7,1,mainland,,0,0,0,0,0,0,0
2026-05-07T12:50:28.994628Z,2026,5,7,65.574400,21.818200,7.0,0,6.0,1,mainland,,0,0,0,0,0,0,0
2026-05-19T22:15:03.385445Z,2026,5,19,65.159100,22.600000,5.0,0,8.5,1,sea,,0,0,0,0,0,0,0
2026-05-19T22:27:46.683145Z,2026,5,19,65.287600,22.744200,-11.0,0,10.4,1,sea,,0,0,0,0,0,0,0
2026-05-19T22:31:03.837073Z,2026,5,19,65.128300,22.816600,47.0,0,13.1,1,sea,,0,0,0,0,0,0,0
2026-05-19T22:48:35.509379Z,2026,5,19,65.102100,22.699100,-6.0,0,1.9,1,sea,,0,0,0,0,0,0,0
2026-05-19T22:48:35.851104Z,2026,5,19,65.106200,22.687600,-4.0,0,2.4,1,sea,,0,0,0,0,0,0,0
2026-05-19T22:55:38.846740Z,2026,5,19,65.226200,22.846400,-5.0,0,1.8,1,sea,,0,0,0,0,0,0,0
2026-05-19T22:55:39.068070Z,2026,5,19,65.227400,22.845700,-4.0,0,1.2,1,sea,,0,0,0,0,0,0,0
2026-05-20T00:55:39.918520Z,2026,5,20,65.299200,23.024300,4.0,0,1.6,1,sea,,0,0,0,0,0,0,0
2026-05-20T03:54:28.393668Z,2026,5,20,65.095900,22.742600,9.0,0,19.7,1,sea,,0,0,0,0,0,0,0
2026-05-20T03:54:28.403127Z,2026,5,20,65.092400,22.753500,12.0,0,23.2,1,sea,,0,0,0,0,0,0,0
2026-05-20T04:07:32.206139Z,2026,5,20,65.138200,22.922700,8.0,0,26.3,1,sea,,0,0,0,0,0,0,0
2026-05-20T04:12:00.622125Z,2026,5,20,65.134800,22.907800,7.0,0,3.2,1,sea,,0,0,0,0,0,0,0
2026-05-20T04:12:00.623533Z,2026,5,20,65.139000,22.907500,6.0,0,14.5,1,sea,,0,0,0,0,0,0,0
2026-05-20T04:12:00.624024Z,2026,5,20,65.134000,22.917500,6.0,0,11.0,1,sea,,0,0,0,0,0,0,0
2026-05-20T04:12:00.626125Z,2026,5,20,65.145300,22.900100,4.0,0,3.9,1,sea,,0,0,0,0,0,0,0
2026-05-20T04:12:00.634523Z,2026,5,20,65.139000,22.916000,5.0,0,12.0,1,sea,,0,0,0,0,0,0,0
2026-05-20T04:18:24.155845Z,2026,5,20,65.153600,22.874400,9.0,0,0.0,1,sea,,0,0,0,0,0,0,0
2026-05-20T04:18:24.163276Z,2026,5,20,65.165000,22.846900,7.0,0,21.6,1,sea,,0,0,0,0,0,0,0
2026-05-20T04:18:24.171069Z,2026,5,20,65.165000,22.850300,4.0,0,5.4,1,sea,,0,0,0,0,0,0,0
2026-05-20T04:18:24.175149Z,2026,5,20,65.164800,22.825100,4.0,0,6.4,1,sea,,0,0,0,0,0,0,0
2026-05-20T04:31:19.683177Z,2026,5,20,65.299900,22.861400,-12.0,0,5.8,1,sea,,0,0,0,0,0,0,0
2026-05-20T05:13:20.317480Z,2026,5,20,65.355500,22.800100,10.0,0,4.6,1,sea,,0,0,0,0,0,0,0
2026-05-20T08:38:20.498258Z,2026,5,20,65.508800,22.828500,10.0,0,0.0,1,sea,,0,0,0,1,0,0,0
2026-05-20T08:38:20.498473Z,2026,5,20,65.507100,22.834000,9.0,0,3.0,1,sea,,0,0,0,0,0,0,0
2026-05-20T08:38:20.507107Z,2026,5,20,65.516000,22.813300,6.0,0,19.0,1,sea,,0,0,0,1,0,0,0
2026-05-20T08:38:20.580166Z,2026,5,20,65.478400,22.760000,-9.0,0,3.5,1,sea,islands__sea,1,1,1,1,0,0,0
2026-05-21T12:28:44.144178Z,2026,5,21,66.183600,22.073500,11.0,0,9.3,1,mainland,,0,0,0,0,0,0,1
2026-05-21T12:28:44.144428Z,2026,5,21,66.180600,22.094800,-6.0,0,0.0,1,mainland,,0,0,0,0,0,0,0
2026-05-21T12:28:44.144777Z,2026,5,21,66.183200,22.081500,7.0,0,0.0,1,mainland,,0,0,0,0,0,0,1
2026-05-21T12:28:44.160573Z,2026,5,21,66.193600,22.064200,5.0,0,14.5,1,mainland,inland_water__mainland,1,0,0,0,0,0,1
2026-05-21T12:28:44.269118Z,2026,5,21,66.128100,22.215400,-9.0,0,5.2,1,mainland,inland_water__mainland,1,0,0,0,0,0,0
2026-05-21T12:32:00.064856Z,2026,5,21,66.198900,22.206000,4.0,0,18.0,1,mainland,,0,0,0,0,0,0,0
2026-05-21T12:32:00.289778Z,2026,5,21,66.219900,22.214800,-5.0,0,11.7,1,mainland,,0,0,0,0,0,0,1
2026-05-21T12:37:34.096208Z,2026,5,21,66.201700,22.234200,5.0,0,0.0,1,mainland,inland_water__mainland,1,0,0,0,0,0,1
2026-05-21T12:37:34.096383Z,2026,5,21,66.203100,22.212700,10.0,0,5.6,1,mainland,,0,0,0,0,0,0,0
2026-05-21T12:37:34.105364Z,2026,5,21,66.199900,22.218700,4.0,0,10.3,1,mainland,inland_water__mainland,1,0,0,0,0,0,0
2026-05-21T12:37:34.130920Z,2026,5,21,66.189600,22.224100,51.0,0,16.2,1,mainland,,0,0,0,0,0,0,0
2026-05-21T12:37:34.194722Z,2026,5,21,66.198200,22.126800,6.0,0,22.1,1,mainland,,0,0,0,0,0,0,0
2026-05-21T12:37:34.465567Z,2026,5,21,66.207500,22.124500,-16.0,0,17.4,1,mainland,inland_water__mainland,1,0,0,0,0,0,0
2026-05-21T12:40:01.641643Z,2026,5,21,66.186300,22.091700,8.0,0,4.1,1,mainland,,0,0,0,0,0,0,0
2026-05-21T12:40:01.688475Z,2026,5,21,66.204800,22.036400,45.0,0,13.1,1,mainland,,1,0,0,0,1,1,1
2026-05-21T12:40:42.233732Z,2026,5,21,66.205700,22.231500,5.0,0,16.6,1,mainland,,0,0,0,0,0,0,1
2026-05-22T09:50:44.967267Z,2026,5,22,66.243700,22.059600,-14.0,0,12.6,1,mainland,inland_water__mainland,1,0,0,0,0,1,1
2026-05-22T11:45:37.209129Z,2026,5,22,66.213600,22.107700,-12.0,0,9.3,1,mainland,,0,0,0,0,0,0,0
2026-05-22T11:45:37.209193Z,2026,5,22,66.210200,22.109700,10.0,0,0.0,1,mainland,,0,0,0,0,0,0,0
2026-05-22T11:45:37.209261Z,2026,5,22,66.210500,22.106700,-10.0,0,0.0,1,mainland,,0,0,0,0,0,0,0
2026-05-22T11:45:37.209479Z,2026,5,22,66.211500,22.081900,-8.0,0,0.0,1,mainland,,0,0,0,0,0,0,0
2026-05-22T11:45:37.209480Z,2026,5,22,66.207700,22.133200,6.0,0,0.0,1,inland_water,inland_water__mainland,1,0,0,0,0,0,0
2026-05-22T11:45:37.210121Z,2026,5,22,66.207300,22.108600,-4.0,0,3.9,1,mainland,,0,0,0,0,0,0,0
2026-05-22T11:45:37.214455Z,2026,5,22,66.209000,22.094600,-16.0,0,3.5,1,mainland,,0,0,0,0,0,0,0
2026-05-22T11:45:37.239590Z,2026,5,22,66.194900,22.146500,-6.0,0,4.3,1,mainland,inland_water__mainland,1,0,0,0,0,0,0
2026-05-22T11:51:02.441842Z,2026,5,22,66.220800,22.135400,6.0,0,0.0,1,mainland,,0,0,0,0,0,0,0
2026-05-22T11:51:02.442022Z,2026,5,22,66.220200,22.143500,6.0,0,2.0,1,mainland,,0,0,0,0,0,0,0
2026-05-22T11:53:05.540836Z,2026,5,22,66.223900,22.133700,6.0,0,4.8,1,mainland,,0,0,0,0,0,0,0
2026-05-22T11:55:49.842664Z,2026,5,22,66.219300,22.203600,10.0,0,30.4,1,mainland,,0,0,0,0,0,0,0
2026-05-22T11:55:49.843878Z,2026,5,22,66.215700,22.142500,7.0,0,4.6,1,mainland,,0,0,0,0,0,0,0
2026-05-22T11:55:49.850082Z,2026,5,22,66.219900,22.144900,12.0,0,18.0,1,mainland,,0,0,0,0,0,0,0
2026-05-22T11:58:51.303643Z,2026,5,22,66.219300,22.201500,16.0,0,0.0,1,mainland,,0,0,0,0,0,0,0
2026-05-22T11:58:51.303837Z,2026,5,22,66.225200,22.168700,-10.0,0,6.4,1,mainland,,0,0,0,0,0,0,0
2026-05-22T11:58:51.303914Z,2026,5,22,66.224300,22.156700,34.0,0,11.4,1,mainland,,0,0,0,0,0,0,0
2026-05-22T11:58:51.304464Z,2026,5,22,66.223200,22.179200,21.0,0,8.9,1,mainland,,0,0,0,0,0,0,0
2026-05-22T11:58:51.304479Z,2026,5,22,66.218600,22.202500,16.0,0,0.0,1,mainland,,0,0,0,0,0,0,0
2026-05-22T11:58:51.309116Z,2026,5,22,66.224100,22.151600,14.0,0,11.7,1,mainland,,0,0,0,0,0,0,0
2026-05-22T12:02:15.836936Z,2026,5,22,66.228400,22.148600,16.0,0,11.1,1,mainland,,0,0,0,0,0,0,0
2026-05-22T12:02:15.837683Z,2026,5,22,66.230100,22.171100,9.0,0,5.4,1,mainland,,0,0,0,0,0,0,0
2026-05-22T12:02:15.844076Z,2026,5,22,66.231900,22.149400,14.0,0,10.8,1,mainland,,0,0,0,0,0,0,0
2026-05-22T12:10:38.411908Z,2026,5,22,66.208600,22.204900,42.0,0,19.3,1,mainland,,0,0,0,0,0,0,0
2026-05-22T12:10:38.418634Z,2026,5,22,66.194700,22.231000,110.0,0,19.1,1,mainland,,0,0,0,0,0,0,0
2026-05-22T12:12:39.577259Z,2026,5,22,66.204800,22.232300,22.0,0,14.1,1,mainland,,0,0,0,0,0,0,1
2026-05-22T12:14:51.921587Z,2026,5,22,66.208500,22.190700,7.0,0,5.1,1,mainland,,0,0,0,0,0,0,0
2026-05-22T12:18:49.118871Z,2026,5,22,66.204900,22.211500,-8.0,0,21.7,1,mainland,,0,0,0,0,0,0,0
2026-05-22T12:19:35.455735Z,2026,5,22,66.139000,22.064000,60.0,0,18.8,1,inland_water,inland_water__mainland,1,0,0,0,0,0,0
2026-05-22T12:20:59.079204Z,2026,5,22,66.043800,21.954600,9.0,0,5.6,1,mainland,inland_water__mainland,1,0,0,0,1,1,1
2026-05-22T12:20:59.079432Z,2026,5,22,66.042700,21.962900,-8.0,0,5.6,1,mainland,inland_water__mainland,1,0,0,0,0,1,1
2026-05-22T12:23:20.489543Z,2026,5,22,66.225000,22.209700,8.0,0,0.0,1,mainland,inland_water__mainland,1,0,0,0,0,0,1
2026-05-22T12:23:20.489865Z,2026,5,22,66.207800,22.237300,23.0,0,11.2,1,mainland,,1,0,0,0,0,1,1
2026-05-22T12:23:20.490302Z,2026,5,22,66.217800,22.213800,12.0,0,0.0,1,mainland,,0,0,0,0,0,0,1
2026-05-22T12:27:21.701802Z,2026,5,22,66.174300,22.156100,6.0,0,3.8,1,mainland,inland_water__mainland,1,0,0,0,0,0,0
2026-05-22T12:27:21.718536Z,2026,5,22,66.175100,22.169300,11.0,0,10.7,1,mainland,inland_water__mainland,1,0,0,0,0,0,0
2026-05-22T12:29:52.377786Z,2026,5,22,66.193200,22.220400,9.0,0,3.7,1,mainland,,0,0,0,0,0,0,0
2026-05-22T12:29:52.377801Z,2026,5,22,66.196800,22.187400,17.0,0,0.0,1,mainland,,0,0,0,0,0,0,0
2026-05-22T12:29:52.378068Z,2026,5,22,66.198200,22.230300,14.0,0,0.0,1,mainland,inland_water__mainland,1,0,0,0,0,0,0
2026-05-22T12:29:52.383148Z,2026,5,22,66.190300,22.205600,6.0,0,6.8,1,mainland,,0,0,0,0,0,0,0
2026-05-22T12:29:52.387127Z,2026,5,22,66.193100,22.222900,10.0,0,19.7,1,mainland,,0,0,0,0,0,0,0
2026-06-06T21:51:57.613103Z,2026,6,6,65.440700,21.962800,7.0,0,3.1,1,mainland,inland_water__mainland,1,0,0,1,0,0,0
2026-06-06T21:51:57.614815Z,2026,6,6,65.436800,21.917400,8.0,0,6.7,1,sea,islands__sea,1,1,1,1,0,0,0
2026-06-06T21:51:57.635390Z,2026,6,6,65.439400,21.964400,7.0,0,7.5,1,mainland,inland_water__mainland,1,0,0,1,0,0,0
2026-06-06T22:13:46.323688Z,2026,6,6,65.551800,21.787800,10.0,0,17.2,1,mainland,inland_water__mainland,1,0,0,0,0,0,0
2026-06-06T22:13:46.323901Z,2026,6,6,65.548400,21.794400,10.0,0,0.0,1,mainland,inland_water__mainland,1,0,0,0,0,0,0
2026-06-06T22:13:46.324363Z,2026,6,6,65.548400,21.786600,14.0,0,7.1,1,inland_water,inland_water__mainland,1,0,0,0,0,0,0
2026-06-06T23:32:17.679849Z,2026,6,6,66.033900,22.369900,10.0,0,5.6,1,mainland,,0,0,0,0,0,0,0
2026-06-11T12:40:27.429310Z,2026,6,11,66.077900,22.357000,6.0,0,6.3,1,mainland,,0,0,0,0,0,0,0
2026-06-11T12:40:27.429710Z,2026,6,11,66.077900,22.360900,9.0,0,7.5,1,mainland,,0,0,0,0,0,0,0
2026-06-11T14:07:01.341406Z,2026,6,11,65.957700,22.060400,-9.0,0,3.3,1,mainland,,0,0,0,0,0,0,0
2026-06-11T14:07:01.367757Z,2026,6,11,65.956800,22.052500,-6.0,0,4.5,1,mainland,,0,0,0,0,0,0,0
2026-06-11T14:07:01.392199Z,2026,6,11,65.943200,22.048800,-7.0,0,3.9,1,mainland,,0,0,0,0,0,0,0
2026-06-13T16:21:09.281323Z,2026,6,13,65.670900,21.435300,18.0,0,8.6,1,mainland,,0,0,0,0,0,0,0
2026-06-20T10:26:05.347707Z,2026,6,20,65.184900,22.838500,5.0,0,6.7,1,sea,,0,0,0,0,0,0,0
2026-06-20T19:50:12.235757Z,2026,6,20,65.508600,22.326900,5.0,0,3.5,1,islands,islands__sea,1,0,1,1,0,0,0
2026-06-20T20:26:05.153960Z,2026,6,20,66.062500,22.065000,42.0,0,7.3,1,inland_water,inland_water__mainland,1,0,0,0,0,0,0
2026-06-20T20:26:51.473019Z,2026,6,20,65.989000,22.144700,-9.0,0,5.4,1,inland_water,inland_water__mainland,1,0,0,0,0,0,0
2026-06-20T20:27:48.020751Z,2026,6,20,65.844500,22.206800,-20.0,0,0.0,1,mainland,,0,0,0,0,0,0,0
2026-06-20T20:27:48.020806Z,2026,6,20,65.846100,22.197600,-20.0,0,7.7,1,mainland,,0,0,0,0,0,0,0
2026-06-20T20:27:48.020985Z,2026,6,20,65.845500,22.219700,-13.0,0,0.0,1,mainland,,0,0,0,0,0,0,0
2026-06-20T20:27:48.021111Z,2026,6,20,65.844900,22.204400,-9.0,0,0.0,1,mainland,,0,0,0,0,0,0,0
2026-06-20T20:30:21.882762Z,2026,6,20,66.206400,22.214800,-6.0,0,4.2,1,mainland,,0,0,0,0,0,0,0
2026-06-20T20:30:37.457255Z,2026,6,20,66.150700,21.992600,6.0,0,14.6,1,mainland,inland_water__mainland,1,0,0,0,1,1,1
2026-06-20T20:30:37.457273Z,2026,6,20,66.146600,22.000700,-12.0,0,11.4,1,mainland,inland_water__mainland,1,0,0,0,0,1,1
2026-06-20T20:31:26.672785Z,2026,6,20,65.830600,22.305500,-8.0,0,6.1,1,mainland,,0,0,0,0,0,0,0
2026-06-20T20:32:51.634063Z,2026,6,20,66.174900,22.082200,-8.0,0,21.7,1,mainland,inland_water__mainland,1,0,0,0,0,0,0
2026-06-20T20:32:57.615746Z,2026,6,20,65.843800,22.091400,-14.0,0,0.0,1,mainland,,0,0,0,0,0,0,1
2026-06-20T20:32:57.615923Z,2026,6,20,65.843300,22.085600,-31.0,0,0.0,1,mainland,,0,0,0,0,0,0,1
2026-06-20T20:32:57.616061Z,2026,6,20,65.843300,22.079600,-27.0,0,0.0,1,mainland,,0,0,0,0,0,0,1
2026-06-20T20:33:17.967963Z,2026,6,20,66.164000,22.136300,14.0,0,16.3,1,mainland,,0,0,0,0,0,0,0
2026-06-20T20:34:24.101968Z,2026,6,20,66.137900,22.084600,-5.0,0,4.2,1,mainland,,0,0,0,0,0,0,0
2026-06-20T20:34:24.262144Z,2026,6,20,66.179100,22.072000,5.0,0,0.0,1,mainland,inland_water__mainland,1,0,0,0,0,0,1
2026-06-20T20:34:24.262979Z,2026,6,20,66.189900,22.057300,7.0,0,23.2,1,inland_water,inland_water__mainland,1,0,0,0,1,1,1
2026-06-20T20:34:24.264070Z,2026,6,20,66.191100,22.074300,6.0,0,11.8,1,mainland,,0,0,0,0,0,0,1
2026-06-20T20:34:53.729936Z,2026,6,20,66.173600,22.060100,-4.0,0,4.1,1,mainland,,0,0,0,0,0,0,1
2026-06-20T20:34:53.789692Z,2026,6,20,66.147800,22.132100,-9.0,0,8.8,1,mainland,inland_water__mainland,1,0,0,0,0,0,0
2026-06-20T20:35:19.672735Z,2026,6,20,66.189900,22.071900,6.0,0,10.8,1,mainland,inland_water__mainland,1,0,0,0,0,0,1
2026-06-20T20:35:53.830274Z,2026,6,20,65.902100,22.109900,13.0,0,4.9,1,mainland,,0,0,0,0,0,0,0
2026-06-20T20:36:14.166652Z,2026,6,20,66.198800,22.074800,7.0,0,7.0,1,mainland,inland_water__mainland,1,0,0,0,0,0,0
2026-06-20T20:36:14.174841Z,2026,6,20,66.195100,22.064800,5.0,0,2.7,1,mainland,,0,0,0,0,0,0,1
2026-06-20T20:36:14.184430Z,2026,6,20,66.172400,22.091200,5.0,0,23.6,1,mainland,inland_water__mainland,1,0,0,0,0,0,0
2026-06-20T20:37:05.490467Z,2026,6,20,65.967300,22.006300,-9.0,0,5.5,1,mainland,,0,0,0,0,0,0,0
2026-06-20T20:37:05.490702Z,2026,6,20,65.964500,22.006800,-6.0,0,0.0,1,mainland,,0,0,0,0,0,0,0
2026-06-20T20:37:05.490793Z,2026,6,20,65.966800,21.991000,-9.0,0,0.0,1,mainland,,0,0,0,0,0,0,0
2026-06-20T20:37:09.501436Z,2026,6,20,65.901000,22.424400,-10.0,0,0.0,1,mainland,inland_water__mainland,1,0,0,0,0,0,0
2026-06-20T20:37:09.501507Z,2026,6,20,66.003400,22.270700,-37.0,0,11.2,1,mainland,,0,0,0,0,0,0,0
2026-06-20T20:37:09.501832Z,2026,6,20,65.921200,22.359600,-21.0,0,0.0,1,mainland,,0,0,0,0,0,0,0
2026-06-20T20:38:23.338785Z,2026,6,20,66.192600,22.160400,-8.0,0,6.3,1,mainland,inland_water__mainland,1,0,0,0,0,0,0
2026-06-20T20:38:23.383326Z,2026,6,20,66.195600,22.166000,-7.0,0,6.2,1,mainland,,0,0,0,0,0,0,0
2026-06-20T20:38:23.492991Z,2026,6,20,66.193200,22.156400,-5.0,0,5.4,1,mainland,inland_water__mainland,1,0,0,0,0,0,0
2026-06-20T20:38:24.158401Z,2026,6,20,66.104600,22.148200,-5.0,0,5.0,1,mainland,inland_water__mainland,1,0,0,0,0,0,0
2026-06-20T20:38:24.259628Z,2026,6,20,66.124300,22.196200,-14.0,0,11.1,1,mainland,inland_water__mainland,1,0,0,0,0,0,0
2026-06-20T20:39:27.035556Z,2026,6,20,66.227000,22.131500,-6.0,0,10.0,1,mainland,,0,0,0,0,0,0,0
2026-06-20T20:39:41.301833Z,2026,6,20,65.911700,22.449800,6.0,0,3.1,1,mainland,inland_water__mainland,1,0,0,0,0,0,0
2026-06-20T20:39:41.322081Z,2026,6,20,65.904300,22.453500,-8.0,0,4.1,1,mainland,inland_water__mainland,1,0,0,0,0,0,0
2026-06-20T20:40:45.399422Z,2026,6,20,65.926200,22.467100,4.0,0,5.5,1,inland_water,inland_water__mainland,1,0,0,0,0,0,0
2026-06-20T20:40:47.589691Z,2026,6,20,66.203200,22.200200,9.0,0,8.8,1,mainland,,0,0,0,0,0,0,0
2026-06-20T20:42:15.005455Z,2026,6,20,65.938600,22.477800,-18.0,0,5.2,1,inland_water,inland_water__mainland,1,0,0,0,0,0,0
2026-06-20T20:42:15.059015Z,2026,6,20,65.928800,22.522000,-8.0,0,3.9,1,mainland,inland_water__mainland,1,0,0,0,0,0,1
2026-06-20T20:42:42.965737Z,2026,6,20,66.205500,22.246500,6.0,0,8.3,1,mainland,,1,0,0,0,1,1,1
2026-06-20T20:45:50.222773Z,2026,6,20,66.070700,22.202000,7.0,0,2.4,1,mainland,inland_water__mainland,1,0,0,0,0,0,0
2026-06-20T20:47:48.883936Z,2026,6,20,66.145800,22.246100,-5.0,0,8.0,1,mainland,inland_water__mainland,1,0,0,0,0,0,0
2026-06-20T20:54:11.085516Z,2026,6,20,66.019800,22.449600,-6.0,0,4.1,1,mainland,,0,0,0,0,0,0,1
2026-06-24T18:45:44.820972Z,2026,6,24,65.922200,22.468200,-12.0,0,2.7,1,inland_water,inland_water__mainland,1,0,0,0,0,0,0
2026-06-29T16:36:09.381474Z,2026,6,29,65.365000,21.953200,-22.0,0,5.7,1,sea,,0,0,0,0,0,0,1
2026-06-29T16:36:09.381647Z,2026,6,29,65.366700,21.944000,-19.0,0,9.1,1,sea,,1,0,0,0,0,1,1
2026-06-29T16:36:09.381664Z,2026,6,29,65.366800,21.950700,-23.0,0,0.0,1,sea,,0,0,0,0,0,0,1
2026-06-29T16:36:09.381701Z,2026,6,29,65.366000,21.994800,-11.0,0,0.0,1,islands,islands__sea,1,1,1,1,0,0,0
2026-06-29T16:36:09.381803Z,2026,6,29,65.364100,22.009600,-13.0,0,0.0,1,sea,islands__sea,1,1,1,1,0,0,0
2026-06-29T16:36:09.390327Z,2026,6,29,65.366600,21.945400,-11.0,0,4.1,1,sea,,1,0,0,0,0,1,1
2026-06-29T16:36:09.411328Z,2026,6,29,65.382200,21.929800,-8.0,0,2.5,1,sea,,1,0,0,0,1,1,1
2026-06-29T16:42:29.751251Z,2026,6,29,65.263200,22.161800,6.0,0,22.2,1,sea,,0,0,0,0,0,0,0
2026-07-04T08:35:32.329677Z,2026,7,4,65.689500,22.809900,9.0,0,25.4,1,sea,islands__sea,1,1,1,1,0,0,1
2026-07-04T09:03:21.721831Z,2026,7,4,65.669600,22.752200,-6.0,0,10.8,1,sea,,0,0,0,1,0,0,0
2026-07-04T10:20:38.365756Z,2026,7,4,66.026100,22.353300,-7.0,0,3.7,1,mainland,,0,0,0,0,0,0,0
2026-07-04T10:39:28.536266Z,2026,7,4,65.759800,22.132300,8.0,0,14.7,1,inland_water,inland_water__mainland,1,0,0,0,0,0,0
2026-07-04T10:39:28.537041Z,2026,7,4,65.756000,22.011300,12.0,0,17.3,1,mainland,,0,0,0,0,0,0,0
2026-07-04T10:39:28.537515Z,2026,7,4,65.755500,22.010600,11.0,0,8.6,1,mainland,,0,0,0,0,0,0,0
2026-07-04T10:53:19.639783Z,2026,7,4,65.673900,21.454500,-5.0,0,4.5,1,inland_water,inland_water__mainland,1,0,0,0,0,0,1
2026-07-04T11:02:00.597067Z,2026,7,4,66.095200,22.374100,8.0,0,5.6,1,mainland,,0,0,0,0,0,0,1
2026-07-04T11:06:41.864817Z,2026,7,4,66.096200,22.331700,-6.0,0,5.4,1,mainland,inland_water__mainland,1,0,0,0,0,0,0
2026-07-04T11:13:07.679338Z,2026,7,4,65.536500,21.647600,12.0,0,1.8,1,inland_water,inland_water__mainland,1,0,0,0,0,0,0
2026-07-04T11:18:28.772800Z,2026,7,4,65.952700,22.075400,-17.0,0,5.8,1,mainland,inland_water__mainland,1,0,0,0,0,0,0
2026-07-04T11:22:10.174323Z,2026,7,4,66.124400,22.195300,7.0,0,3.5,1,mainland,inland_water__mainland,1,0,0,0,0,0,0
2026-07-04T11:22:10.174757Z,2026,7,4,66.124200,22.184200,7.0,0,11.6,1,mainland,inland_water__mainland,1,0,0,0,0,0,0
2026-07-04T11:22:43.647692Z,2026,7,4,66.107100,22.226000,8.0,0,6.7,1,mainland,inland_water__mainland,1,0,0,0,0,0,0
2026-07-04T11:23:16.804892Z,2026,7,4,66.128300,22.204300,7.0,0,1.9,1,mainland,inland_water__mainland,1,0,0,0,0,0,0
2026-07-04T11:24:25.137465Z,2026,7,4,66.119100,22.216000,4.0,0,5.4,1,mainland,inland_water__mainland,1,0,0,0,0,0,0
2026-07-04T11:24:48.830159Z,2026,7,4,65.964100,22.024100,7.0,0,4.9,1,mainland,,0,0,0,0,0,0,0
2026-07-04T11:24:48.852896Z,2026,7,4,65.973600,22.029000,10.0,0,10.8,1,mainland,,0,0,0,0,0,0,0
2026-07-04T11:24:48.913863Z,2026,7,4,65.980100,22.145600,-8.0,0,4.3,1,mainland,inland_water__mainland,1,0,0,0,0,0,0
2026-07-04T11:25:46.486480Z,2026,7,4,66.113000,22.232000,5.0,0,12.6,1,inland_water,inland_water__mainland,1,0,0,0,0,0,0
2026-07-04T11:25:46.488625Z,2026,7,4,66.117400,22.248300,6.0,0,4.3,1,mainland,,0,0,0,0,0,0,0
2026-07-04T11:25:46.490745Z,2026,7,4,66.121300,22.250100,5.0,0,6.7,1,mainland,inland_water__mainland,1,0,0,0,0,0,0
2026-07-04T11:25:46.492985Z,2026,7,4,66.124700,22.228300,6.0,0,8.7,1,mainland,inland_water__mainland,1,0,0,0,0,0,0
2026-07-04T11:25:46.704536Z,2026,7,4,66.132500,22.168400,26.0,0,7.0,1,mainland,,0,0,0,0,0,0,0
2026-07-04T11:27:26.475512Z,2026,7,4,66.114400,22.233600,5.0,0,2.9,1,inland_water,inland_water__mainland,1,0,0,0,0,0,0
2026-07-04T11:27:26.477112Z,2026,7,4,66.112500,22.226400,8.0,0,5.5,1,mainland,inland_water__mainland,1,0,0,0,0,0,0
2026-07-04T11:29:03.918783Z,2026,7,4,66.064100,22.237500,-19.0,0,9.0,1,mainland,inland_water__mainland,1,0,0,0,0,0,0
2026-07-04T11:29:03.918783Z,2026,7,4,66.123600,22.190100,10.0,0,8.9,1,mainland,inland_water__mainland,1,0,0,0,0,0,0
2026-07-04T11:32:03.075450Z,2026,7,4,66.131300,22.206300,9.0,0,6.9,1,mainland,,0,0,0,0,0,0,0
2026-07-04T11:32:03.076074Z,2026,7,4,66.148100,22.227000,13.0,0,30.4,1,mainland,,0,0,0,0,0,0,0
2026-07-04T11:32:03.076099Z,2026,7,4,66.128700,22.201600,-38.0,0,18.3,1,mainland,,0,0,0,0,0,0,0
2026-07-04T11:32:03.091152Z,2026,7,4,66.130600,22.199600,7.0,0,9.9,1,mainland,,0,0,0,0,0,0,0
2026-07-04T11:32:03.214038Z,2026,7,4,66.094400,22.092100,-6.0,0,6.1,1,mainland,,0,0,0,0,0,0,1
2026-07-04T11:33:30.419864Z,2026,7,4,66.152600,22.181300,6.0,0,30.4,1,mainland,,0,0,0,0,0,0,0
2026-07-04T11:33:30.420288Z,2026,7,4,66.132500,22.182800,8.0,0,3.0,1,mainland,,0,0,0,0,0,0,0
2026-07-04T11:33:30.433223Z,2026,7,4,66.121600,22.211900,12.0,0,30.4,1,mainland,inland_water__mainland,1,0,0,0,0,0,0
2026-07-04T11:33:30.660358Z,2026,7,4,66.182400,22.181700,24.0,0,5.4,1,mainland,,0,0,0,0,0,0,0
2026-07-04T11:35:07.693100Z,2026,7,4,66.123100,22.186500,6.0,0,5.6,1,mainland,inland_water__mainland,1,0,0,0,0,0,0
2026-07-04T11:35:07.695625Z,2026,7,4,66.124300,22.164500,6.0,0,11.5,1,mainland,inland_water__mainland,1,0,0,0,0,0,0
2026-07-04T11:37:01.214802Z,2026,7,4,66.125200,22.189700,7.0,0,11.8,1,mainland,inland_water__mainland,1,0,0,0,0,0,0
2026-07-04T11:37:01.215859Z,2026,7,4,66.128200,22.177500,10.0,0,17.9,1,mainland,,0,0,0,0,0,0,0
2026-07-04T11:41:04.639697Z,2026,7,4,66.098200,22.175400,5.0,0,14.9,1,mainland,inland_water__mainland,1,0,0,0,0,0,0
2026-07-04T11:42:12.664882Z,2026,7,4,66.103400,22.342000,14.0,0,7.0,1,mainland,inland_water__mainland,1,0,0,0,0,0,0
2026-07-04T11:42:12.665379Z,2026,7,4,66.101800,22.180200,8.0,0,11.3,1,mainland,inland_water__mainland,1,0,0,0,0,0,0
2026-07-04T11:42:12.667059Z,2026,7,4,66.101100,22.180600,5.0,0,20.5,1,mainland,inland_water__mainland,1,0,0,0,0,0,0
2026-07-04T11:42:12.668356Z,2026,7,4,66.107100,22.143600,8.0,0,4.4,1,mainland,inland_water__mainland,1,0,0,0,0,0,0
2026-07-04T11:43:17.208716Z,2026,7,4,66.104200,22.156700,5.0,0,5.2,1,mainland,,0,0,0,0,0,0,0
2026-07-04T11:43:17.209250Z,2026,7,4,66.107000,22.168700,11.0,0,23.8,1,mainland,inland_water__mainland,1,0,0,0,0,0,0
2026-07-04T11:44:19.543606Z,2026,7,4,66.112400,22.201500,13.0,0,8.6,1,mainland,,0,0,0,0,0,0,0
2026-07-04T11:44:19.544482Z,2026,7,4,66.110900,22.329000,7.0,0,11.2,1,mainland,inland_water__mainland,1,0,0,0,0,0,0
2026-07-04T11:44:20.157738Z,2026,7,4,66.240100,22.170500,26.0,0,6.2,1,mainland,inland_water__mainland,1,0,0,0,0,0,0
2026-07-04T11:45:24.806490Z,2026,7,4,66.109400,22.173200,7.0,0,5.7,1,mainland,inland_water__mainland,1,0,0,0,0,0,0
2026-07-04T11:45:24.807447Z,2026,7,4,66.109800,22.181000,10.0,0,6.7,1,mainland,,0,0,0,0,0,0,0
2026-07-04T11:45:24.808483Z,2026,7,4,66.106800,22.192700,8.0,0,3.3,1,mainland,inland_water__mainland,1,0,0,0,0,0,0
2026-07-04T11:48:45.335085Z,2026,7,4,66.111500,22.198500,6.0,0,4.9,1,mainland,,0,0,0,0,0,0,0
2026-07-04T11:48:45.335842Z,2026,7,4,66.056900,22.181800,9.0,0,30.4,1,mainland,inland_water__mainland,1,0,0,0,0,0,0
2026-07-04T11:48:45.336679Z,2026,7,4,66.113300,22.189000,10.0,0,8.5,1,mainland,,0,0,0,0,0,0,0
2026-07-04T11:49:37.848460Z,2026,7,4,66.125500,22.196400,7.0,0,15.7,1,mainland,inland_water__mainland,1,0,0,0,0,0,0
2026-07-04T11:49:37.849051Z,2026,7,4,66.122000,22.201800,7.0,0,20.4,1,mainland,inland_water__mainland,1,0,0,0,0,0,0
2026-07-04T11:50:21.333496Z,2026,7,4,66.109600,22.183300,6.0,0,3.1,1,mainland,inland_water__mainland,1,0,0,0,0,0,0
2026-07-04T11:50:21.334359Z,2026,7,4,66.111400,22.165100,9.0,0,8.5,1,mainland,inland_water__mainland,1,0,0,0,0,0,0
2026-07-04T11:52:19.624821Z,2026,7,4,66.135600,22.217100,9.0,0,8.3,1,mainland,inland_water__mainland,1,0,0,0,0,0,0
2026-07-04T11:52:19.625762Z,2026,7,4,66.132500,22.209200,5.0,0,23.6,1,mainland,,0,0,0,0,0,0,0
2026-07-04T11:57:46.774114Z,2026,7,4,66.171800,22.201600,14.0,0,14.1,1,mainland,,0,0,0,0,0,0,0
2026-07-04T11:57:46.774335Z,2026,7,4,66.166400,22.181100,9.0,0,0.0,1,inland_water,inland_water__mainland,1,0,0,0,0,0,0
2026-07-04T11:57:46.775575Z,2026,7,4,66.171100,22.201700,12.0,0,8.2,1,mainland,,0,0,0,0,0,0,0
2026-07-04T11:57:46.776306Z,2026,7,4,66.170000,22.162500,7.0,0,5.3,1,mainland,inland_water__mainland,1,0,0,0,0,0,0
2026-07-04T12:09:54.232557Z,2026,7,4,65.568800,21.541500,7.0,0,2.0,1,mainland,,1,0,0,0,1,1,1
2026-07-04T12:11:23.000985Z,2026,7,4,65.613100,21.432900,12.0,0,8.9,1,mainland,,1,0,0,0,0,1,1
2026-07-04T12:13:21.000919Z,2026,7,4,65.623200,21.438300,8.0,0,3.3,1,mainland,,0,0,0,0,0,0,0
2026-07-04T12:13:21.002369Z,2026,7,4,65.575100,21.591100,6.0,0,16.6,1,mainland,,0,0,0,0,0,0,0
2026-07-04T12:13:21.003732Z,2026,7,4,65.622500,21.441100,7.0,0,2.2,1,mainland,,0,0,0,0,0,0,0
2026-07-04T12:14:49.177471Z,2026,7,4,65.617500,21.439100,10.0,0,3.8,1,mainland,,0,0,0,0,0,0,1
2026-07-04T12:20:46.982629Z,2026,7,4,65.631000,21.431300,20.0,0,5.1,1,mainland,inland_water__mainland,1,0,0,0,0,0,0
2026-07-04T12:20:46.982925Z,2026,7,4,65.629500,21.441900,7.0,0,0.0,1,inland_water,inland_water__mainland,1,0,0,0,0,0,0
2026-07-04T12:20:46.983241Z,2026,7,4,65.629100,21.448000,9.0,0,0.0,1,inland_water,inland_water__mainland,1,0,0,0,0,0,0
2026-07-04T12:20:46.983995Z,2026,7,4,65.629100,21.429300,9.0,0,6.3,1,mainland,inland_water__mainland,1,0,0,0,0,0,0
2026-07-04T12:20:46.984650Z,2026,7,4,65.634800,21.406900,7.0,0,18.0,1,mainland,inland_water__mainland,1,0,0,0,0,0,0
2026-07-04T12:23:11.955799Z,2026,7,4,65.671800,21.722100,11.0,0,6.2,1,mainland,,0,0,0,0,0,0,0
2026-07-04T12:24:12.770477Z,2026,7,4,65.631200,21.520200,10.0,0,11.3,1,mainland,,0,0,0,0,0,0,0
2026-07-04T12:24:12.786709Z,2026,7,4,65.636200,21.527700,11.0,0,4.2,1,mainland,,0,0,0,0,0,0,0
2026-07-04T12:26:41.557816Z,2026,7,4,65.633300,21.519800,7.0,0,2.8,1,mainland,,0,0,0,0,0,0,0
2026-07-04T12:29:15.884397Z,2026,7,4,65.632100,21.528800,7.0,0,3.6,1,mainland,,0,0,0,0,0,0,0
2026-07-04T12:29:15.886419Z,2026,7,4,65.630400,21.531300,8.0,0,6.1,1,mainland,,0,0,0,0,0,0,0
2026-07-04T12:29:16.036006Z,2026,7,4,65.645000,21.531000,28.0,0,7.6,1,mainland,inland_water__mainland,1,0,0,0,0,0,0
2026-07-04T12:38:18.420395Z,2026,7,4,65.782300,22.010500,10.0,0,3.1,1,mainland,,0,0,0,0,0,0,0
2026-07-04T12:38:18.421536Z,2026,7,4,65.782800,22.017900,11.0,0,5.4,1,mainland,,0,0,0,0,0,0,0
2026-07-04T12:38:18.422311Z,2026,7,4,65.779500,22.019500,9.0,0,3.9,1,mainland,,0,0,0,0,0,0,0
2026-07-04T12:41:17.952165Z,2026,7,4,65.791600,22.012300,13.0,0,16.5,1,mainland,,0,0,0,0,0,0,0
2026-07-04T12:56:46.012798Z,2026,7,4,65.775200,21.901700,12.0,0,9.4,1,mainland,,1,0,0,0,1,1,1
2026-07-04T12:59:05.026806Z,2026,7,4,65.785000,21.891600,10.0,0,10.1,1,mainland,,1,0,0,0,1,1,1
2026-07-04T12:59:05.027614Z,2026,7,4,65.787400,21.899400,7.0,0,4.5,1,mainland,,1,0,0,0,0,1,1
2026-07-04T13:00:19.792908Z,2026,7,4,65.788500,21.903600,9.0,0,2.6,1,mainland,,0,0,0,0,0,0,1
2026-07-04T13:08:39.611534Z,2026,7,4,65.805200,21.959700,-5.0,0,2.6,1,mainland,,0,0,0,0,0,0,1
2026-07-04T13:25:16.554102Z,2026,7,4,65.814300,22.044700,-5.0,0,4.1,1,mainland,,0,0,0,0,0,0,0
2026-07-04T13:25:16.613062Z,2026,7,4,65.775200,22.153900,-5.0,0,4.6,1,mainland,inland_water__mainland,1,0,0,0,0,0,0
2026-07-04T13:29:22.941391Z,2026,7,4,65.531700,22.271800,10.0,0,30.4,1,sea,islands__sea,1,1,1,1,0,0,0
2026-07-04T13:31:28.671184Z,2026,7,4,65.835200,22.040900,10.0,0,8.1,1,mainland,inland_water__mainland,1,0,0,0,1,1,1
2026-07-04T13:35:10.490534Z,2026,7,4,65.832300,22.077500,16.0,0,8.7,1,mainland,,0,0,0,0,0,0,0
2026-07-04T13:35:10.491301Z,2026,7,4,65.829300,22.107900,8.0,0,4.9,1,mainland,,0,0,0,0,0,0,0
2026-07-04T13:36:25.339813Z,2026,7,4,65.835600,22.071600,7.0,0,2.1,1,mainland,,0,0,0,0,0,0,0
2026-07-04T13:42:14.466520Z,2026,7,4,65.847000,22.098900,10.0,0,3.9,1,mainland,,1,0,0,0,1,1,1
2026-07-04T13:42:14.467265Z,2026,7,4,65.846900,22.050500,8.0,0,24.9,1,mainland,inland_water__mainland,1,0,0,0,0,0,1
2026-07-04T13:58:24.343766Z,2026,7,4,65.982600,22.183300,7.0,0,2.9,1,mainland,inland_water__mainland,1,0,0,0,0,0,0
2026-07-04T13:58:24.344283Z,2026,7,4,65.980400,22.165400,5.0,0,11.3,1,mainland,inland_water__mainland,1,0,0,0,0,0,0
2026-07-04T14:00:36.136548Z,2026,7,4,65.986400,22.178200,6.0,0,9.7,1,mainland,inland_water__mainland,1,0,0,0,0,0,0
2026-07-04T14:02:50.435990Z,2026,7,4,65.995300,22.205600,6.0,0,2.7,1,mainland,,0,0,0,0,0,0,0
2026-07-04T14:02:50.437121Z,2026,7,4,65.995600,22.198900,8.0,0,9.9,1,mainland,inland_water__mainland,1,0,0,0,0,0,0
2026-07-04T14:02:50.437557Z,2026,7,4,66.005700,22.208200,-8.0,0,16.0,1,mainland,,0,0,0,0,0,0,0
2026-07-04T14:02:50.438325Z,2026,7,4,65.974100,22.319500,-6.0,0,14.0,1,mainland,inland_water__mainland,1,0,0,0,0,0,0
2026-07-04T14:02:50.576925Z,2026,7,4,65.971500,22.136200,-6.0,0,4.9,1,inland_water,inland_water__mainland,1,0,0,0,0,0,0
2026-07-04T14:05:15.456491Z,2026,7,4,66.005700,22.211700,9.0,0,30.4,1,mainland,inland_water__mainland,1,0,0,0,0,0,0
2026-07-04T14:05:15.456506Z,2026,7,4,66.011600,22.262800,-17.0,0,13.9,1,mainland,,0,0,0,0,0,0,0
2026-07-04T14:08:38.937025Z,2026,7,4,66.012900,22.214300,5.0,0,13.6,1,mainland,inland_water__mainland,1,0,0,0,0,0,0
2026-07-04T14:08:38.937402Z,2026,7,4,66.030300,22.170500,7.0,0,6.0,1,mainland,,0,0,0,0,0,0,0
2026-07-04T14:08:38.962023Z,2026,7,4,66.018300,22.186100,7.0,0,8.2,1,mainland,inland_water__mainland,1,0,0,0,0,0,0
2026-07-04T14:08:39.138354Z,2026,7,4,66.021100,22.225200,-11.0,0,17.6,1,mainland,,0,0,0,0,0,0,0
2026-07-04T14:08:39.142370Z,2026,7,4,66.000500,22.244200,11.0,0,25.3,1,mainland,,0,0,0,0,0,0,0
2026-07-04T14:08:39.173925Z,2026,7,4,65.972800,22.060100,36.0,0,12.3,1,mainland,inland_water__mainland,1,0,0,0,0,0,0
2026-07-04T14:11:08.583074Z,2026,7,4,66.019400,22.172700,9.0,0,6.1,1,inland_water,inland_water__mainland,1,0,0,0,0,0,0
2026-07-04T14:15:52.326666Z,2026,7,4,66.021000,22.166000,13.0,0,5.0,1,inland_water,inland_water__mainland,1,0,0,0,0,0,0
2026-07-04T14:15:52.327647Z,2026,7,4,66.002200,22.154900,12.0,0,18.6,1,mainland,inland_water__mainland,1,0,0,0,0,0,0
2026-07-04T14:15:52.328111Z,2026,7,4,66.026600,22.175400,11.0,0,30.4,1,mainland,,0,0,0,0,0,0,0
2026-07-04T14:15:52.330294Z,2026,7,4,66.026500,22.162000,8.0,0,3.1,1,mainland,inland_water__mainland,1,0,0,0,0,0,0
2026-07-04T14:15:52.340524Z,2026,7,4,66.023900,22.176000,21.0,0,25.0,1,mainland,inland_water__mainland,1,0,0,0,0,0,0
2026-07-04T14:15:52.517377Z,2026,7,4,66.028000,22.066500,9.0,0,5.5,1,mainland,inland_water__mainland,1,0,0,0,0,0,0
2026-07-04T14:18:07.226366Z,2026,7,4,66.024000,22.163300,7.0,0,3.2,1,mainland,inland_water__mainland,1,0,0,0,0,0,0
2026-07-04T14:18:07.229154Z,2026,7,4,66.031500,22.161300,10.0,0,6.7,1,mainland,,0,0,0,0,0,0,0
2026-07-04T14:18:07.248330Z,2026,7,4,66.031000,22.160400,4.0,0,7.7,1,mainland,,0,0,0,0,0,0,0
2026-07-04T14:20:19.832763Z,2026,7,4,66.045700,22.154800,23.0,0,16.9,1,mainland,inland_water__mainland,1,0,0,0,0,0,0
2026-07-04T14:20:19.833460Z,2026,7,4,66.044800,22.144100,8.0,0,4.9,1,mainland,inland_water__mainland,1,0,0,0,0,0,0
2026-07-04T14:21:31.978675Z,2026,7,4,66.069100,22.161900,-19.0,0,15.1,1,mainland,inland_water__mainland,1,0,0,0,0,0,0
2026-07-04T14:21:32.003232Z,2026,7,4,66.055500,22.158700,7.0,0,8.5,1,mainland,inland_water__mainland,1,0,0,0,0,0,0
2026-07-04T14:23:07.232145Z,2026,7,4,66.047100,22.160700,11.0,0,3.3,1,mainland,inland_water__mainland,1,0,0,0,0,0,0
2026-07-04T14:23:07.232904Z,2026,7,4,66.045000,22.154300,7.0,0,4.1,1,mainland,inland_water__mainland,1,0,0,0,0,0,0
2026-07-04T14:23:07.233601Z,2026,7,4,66.045700,22.170500,20.0,0,16.5,1,mainland,,0,0,0,0,0,0,0
2026-07-04T14:23:07.437852Z,2026,7,4,65.977800,22.053300,34.0,0,11.3,1,inland_water,inland_water__mainland,1,0,0,0,0,0,0
2026-07-04T14:25:03.048110Z,2026,7,4,66.048800,22.160400,7.0,0,6.7,1,mainland,inland_water__mainland,1,0,0,0,0,0,0
2026-07-04T14:25:03.049187Z,2026,7,4,66.044100,22.160300,8.0,0,5.4,1,mainland,inland_water__mainland,1,0,0,0,0,0,0
2026-07-04T14:25:03.050076Z,2026,7,4,66.043200,22.164500,6.0,0,3.7,1,mainland,inland_water__mainland,1,0,0,0,0,0,0
2026-07-04T14:27:47.322934Z,2026,7,4,66.066000,22.145900,14.0,0,8.7,1,mainland,inland_water__mainland,1,0,0,0,0,0,0
2026-07-04T14:27:47.323786Z,2026,7,4,66.070600,22.147500,9.0,0,13.9,1,mainland,,0,0,0,0,0,0,0
2026-07-04T14:27:47.324524Z,2026,7,4,66.061800,22.141800,10.0,0,20.0,1,mainland,,0,0,0,0,0,0,0
2026-07-04T14:29:01.039890Z,2026,7,4,66.069800,22.139700,8.0,0,5.5,1,mainland,,0,0,0,0,0,0,0
2026-07-04T14:31:28.005622Z,2026,7,4,66.067300,22.120700,12.0,0,5.4,1,mainland,,0,0,0,0,0,0,0
2026-07-04T14:31:28.005629Z,2026,7,4,66.067600,22.142000,12.0,0,0.0,1,mainland,,0,0,0,0,0,0,0
2026-07-04T14:31:28.005840Z,2026,7,4,66.066000,22.154600,9.0,0,10.8,1,mainland,inland_water__mainland,1,0,0,0,0,0,0
2026-07-04T14:31:28.006858Z,2026,7,4,66.069900,22.110400,8.0,0,13.7,1,mainland,,0,0,0,0,0,0,0
2026-07-04T14:31:28.009291Z,2026,7,4,66.061700,22.127600,8.0,0,8.8,1,mainland,,0,0,0,0,0,0,0
2026-07-04T14:31:28.138426Z,2026,7,4,66.080400,22.060900,-10.0,0,7.3,1,inland_water,inland_water__mainland,1,0,0,0,0,0,1
2026-07-04T17:01:14.841270Z,2026,7,4,65.705900,22.229800,5.0,0,12.9,1,mainland,inland_water__mainland,1,0,0,1,0,0,0
2026-07-04T17:01:14.842478Z,2026,7,4,65.708600,22.238200,6.0,0,23.1,1,mainland,inland_water__mainland,1,0,0,1,0,0,0
2026-07-04T17:03:06.883909Z,2026,7,4,65.698800,22.232900,8.0,0,5.8,1,mainland,inland_water__mainland,1,0,0,1,0,0,0
2026-07-04T17:03:06.943824Z,2026,7,4,65.723000,22.240400,-7.0,0,4.4,1,mainland,inland_water__mainland,1,0,0,0,0,0,0
2026-07-04T17:10:05.005075Z,2026,7,4,65.698200,22.191100,11.0,0,0.0,1,mainland,,0,0,0,0,0,0,0
2026-07-04T17:10:05.005338Z,2026,7,4,65.698400,22.254800,13.0,0,30.4,1,mainland,mainland__sea,1,1,1,1,0,0,0
2026-07-04T17:10:05.006882Z,2026,7,4,65.668300,22.254500,8.0,0,27.7,1,sea,mainland__sea,1,1,1,1,0,0,0
2026-07-04T17:11:28.584301Z,2026,7,4,65.694700,22.198700,12.0,0,11.1,1,mainland,,0,0,0,0,0,0,0
2026-07-04T17:11:28.584337Z,2026,7,4,65.692800,22.235300,-19.0,0,14.7,1,mainland,,0,0,0,1,0,0,0
2026-07-04T17:12:53.266951Z,2026,7,4,65.700900,22.207900,10.0,0,4.9,1,mainland,,0,0,0,0,0,0,0
2026-07-04T17:12:53.267790Z,2026,7,4,65.697300,22.220600,9.0,0,19.1,1,mainland,,0,0,0,0,0,0,0
2026-07-04T17:12:53.267814Z,2026,7,4,65.695400,22.235800,-12.0,0,14.4,1,mainland,,0,0,0,1,0,0,0
2026-07-04T17:12:53.268466Z,2026,7,4,65.700200,22.200600,9.0,0,4.1,1,mainland,,0,0,0,0,0,0,0
2026-07-04T17:12:53.411858Z,2026,7,4,65.697900,22.077500,-8.0,0,2.5,1,mainland,,0,0,0,0,0,0,0
2026-07-04T17:14:44.506088Z,2026,7,4,65.703000,22.221800,8.0,0,4.5,1,mainland,,0,0,0,0,0,0,0
2026-07-04T17:14:44.508337Z,2026,7,4,65.700200,22.200200,7.0,0,17.6,1,mainland,,0,0,0,0,0,0,0
2026-07-04T17:14:44.508354Z,2026,7,4,65.702800,22.241700,-24.0,0,19.7,1,mainland,inland_water__mainland,1,0,1,1,0,0,0
2026-07-04T17:14:44.509713Z,2026,7,4,65.700000,22.217600,12.0,0,16.8,1,mainland,,0,0,0,0,0,0,0
2026-07-04T17:14:44.526653Z,2026,7,4,65.705300,22.222300,11.0,0,10.7,1,mainland,inland_water__mainland,1,0,0,0,0,0,0
2026-07-04T17:16:22.529086Z,2026,7,4,65.690000,22.214000,15.0,0,8.3,1,mainland,,0,0,0,0,0,0,0
2026-07-04T17:16:22.529555Z,2026,7,4,65.691800,22.206900,12.0,0,8.6,1,mainland,,0,0,0,0,0,0,0
2026-07-04T17:16:22.530163Z,2026,7,4,65.687500,22.196300,7.0,0,11.9,1,mainland,,0,0,0,0,0,0,0
2026-07-04T17:19:15.765617Z,2026,7,4,65.699800,22.198900,6.0,0,3.0,1,mainland,,0,0,0,0,0,0,0
2026-07-04T17:19:15.769049Z,2026,7,4,65.702400,22.185300,8.0,0,22.3,1,mainland,,0,0,0,0,0,0,0
2026-07-04T17:19:15.888946Z,2026,7,4,65.735000,22.135200,-17.0,0,6.6,1,mainland,inland_water__mainland,1,0,0,0,0,0,0
2026-07-04T17:26:29.491522Z,2026,7,4,65.833500,22.329300,8.0,0,0.0,1,mainland,mainland__sea,1,0,1,1,0,0,0
2026-07-04T17:29:41.938656Z,2026,7,4,65.792100,22.404900,15.0,0,0.0,1,islands,inland_water__islands,1,0,1,1,0,0,0
2026-07-04T17:29:41.938985Z,2026,7,4,65.851000,22.271100,13.0,0,0.0,1,mainland,inland_water__mainland,1,0,0,0,0,0,0
2026-07-04T17:29:41.939151Z,2026,7,4,65.790200,22.319600,10.0,0,24.8,1,mainland,inland_water__mainland,1,0,0,1,0,0,0
2026-07-04T17:29:42.010662Z,2026,7,4,65.847600,22.369000,-9.0,0,5.0,1,sea,mainland__sea,1,1,1,1,0,0,0
2026-07-04T23:39:50.756656Z,2026,7,4,66.224100,22.220200,7.0,0,0.0,1,mainland,inland_water__mainland,1,0,0,0,1,1,1
2026-07-05T05:59:00.085477Z,2026,7,5,65.598200,21.768000,8.0,0,0.0,1,mainland,,0,0,0,0,0,0,0
2026-07-05T05:59:00.085717Z,2026,7,5,65.601100,21.747900,22.0,0,10.2,1,mainland,,0,0,0,0,0,0,0
2026-07-05T06:01:06.516193Z,2026,7,5,65.597000,21.886200,10.0,0,25.7,1,mainland,inland_water__mainland,1,0,0,0,0,0,0
2026-07-05T06:03:55.411622Z,2026,7,5,65.602600,21.741700,7.0,0,4.6,1,mainland,,0,0,0,0,0,0,0
2026-07-05T06:03:55.419073Z,2026,7,5,65.628600,21.741500,7.0,0,3.8,1,mainland,,0,0,0,0,0,0,0
2026-07-05T06:03:55.485880Z,2026,7,5,65.600000,21.646500,-7.0,0,4.6,1,mainland,,0,0,0,0,0,0,0
2026-07-05T07:42:06.261542Z,2026,7,5,65.593900,21.685900,16.0,0,20.3,1,mainland,,0,0,0,0,0,0,0
2026-07-05T07:42:06.261546Z,2026,7,5,65.606200,21.689300,19.0,0,22.3,1,mainland,,0,0,0,0,0,0,0
2026-07-05T07:43:56.481953Z,2026,7,5,65.586800,21.709500,10.0,0,0.0,1,mainland,,0,0,0,0,0,0,0
2026-07-05T07:43:56.482356Z,2026,7,5,65.592500,21.707300,12.0,0,26.3,1,mainland,,0,0,0,0,0,0,0
2026-07-05T07:43:56.483823Z,2026,7,5,65.594100,21.700100,6.0,0,3.0,1,mainland,,0,0,0,0,0,0,0
2026-07-05T07:43:56.484740Z,2026,7,5,65.595700,21.691800,8.0,0,4.9,1,mainland,,0,0,0,0,0,0,0
2026-07-05T07:47:29.054034Z,2026,7,5,65.597800,21.657600,23.0,0,16.9,1,mainland,,0,0,0,0,0,0,0
2026-07-05T07:47:29.054052Z,2026,7,5,65.569100,21.672300,16.0,0,0.0,1,mainland,,0,0,0,0,0,0,0
2026-07-05T07:47:29.054220Z,2026,7,5,65.583800,21.649700,16.0,0,0.0,1,mainland,,0,0,0,0,0,0,0
2026-07-05T07:47:29.054607Z,2026,7,5,65.595900,21.660300,17.0,0,20.0,1,mainland,,0,0,0,0,0,0,0
2026-07-05T07:47:29.056515Z,2026,7,5,65.596900,21.642700,9.0,0,5.0,1,mainland,,0,0,0,0,0,0,0
2026-07-05T07:47:29.122316Z,2026,7,5,65.571800,21.669400,-20.0,0,3.0,1,mainland,,0,0,0,0,0,0,0
2026-07-05T07:51:22.468049Z,2026,7,5,65.664200,21.614900,7.0,0,4.0,1,inland_water,inland_water__mainland,1,0,0,0,0,0,0
2026-07-05T07:51:22.620575Z,2026,7,5,65.614400,21.637800,6.0,0,8.1,1,mainland,,0,0,0,0,0,0,0
2026-07-05T07:53:20.245118Z,2026,7,5,65.648000,21.593400,13.0,0,12.9,1,mainland,inland_water__mainland,1,0,0,0,0,0,0
2026-07-05T07:53:20.247282Z,2026,7,5,65.645700,21.610600,7.0,0,3.8,1,mainland,,0,0,0,0,0,0,0
2026-07-05T07:54:56.753818Z,2026,7,5,65.612100,21.672600,6.0,0,7.0,1,mainland,,0,0,0,0,0,0,0
2026-07-05T07:54:56.754192Z,2026,7,5,65.653200,21.623500,7.0,0,6.3,1,mainland,,0,0,0,0,0,0,0
2026-07-05T07:56:33.702026Z,2026,7,5,65.641500,21.553500,7.0,0,12.2,1,mainland,inland_water__mainland,1,0,0,0,0,0,0
2026-07-05T07:57:34.698083Z,2026,7,5,65.593900,21.511100,8.0,0,4.5,1,mainland,inland_water__mainland,1,0,0,0,0,0,1
2026-07-05T08:00:06.457562Z,2026,7,5,65.596700,21.505500,7.0,0,5.4,1,mainland,inland_water__mainland,1,0,0,0,0,0,1
2026-07-05T08:00:06.458158Z,2026,7,5,65.593400,21.511800,7.0,0,5.2,1,mainland,inland_water__mainland,1,0,0,0,0,0,1
2026-07-05T08:00:25.935696Z,2026,7,5,65.651400,21.534100,17.0,0,12.0,1,mainland,,0,0,0,0,0,0,0
2026-07-05T08:00:25.936672Z,2026,7,5,65.660000,21.550300,9.0,0,23.5,1,mainland,,0,0,0,0,0,0,0
2026-07-05T08:01:35.214034Z,2026,7,5,65.604300,21.489300,8.0,0,8.5,1,mainland,inland_water__mainland,1,0,0,0,0,0,0
2026-07-05T08:04:08.933394Z,2026,7,5,65.622700,21.499200,6.0,0,2.3,1,mainland,,0,0,0,0,0,0,0
2026-07-05T08:04:08.937610Z,2026,7,5,65.611700,21.498800,8.0,0,4.7,1,inland_water,inland_water__mainland,1,0,0,0,0,0,0
2026-07-05T08:04:08.938575Z,2026,7,5,65.604200,21.481000,7.0,0,3.7,1,mainland,,0,0,0,0,0,0,1
2026-07-05T08:04:09.082776Z,2026,7,5,65.613800,21.660400,-13.0,0,16.8,1,mainland,,0,0,0,0,0,0,0
2026-07-05T08:07:31.458984Z,2026,7,5,65.662100,21.532700,-10.0,0,6.0,1,mainland,inland_water__mainland,1,0,0,0,0,0,0
2026-07-05T08:10:26.995914Z,2026,7,5,65.631700,21.409300,6.0,0,5.7,1,mainland,inland_water__mainland,1,0,0,0,0,0,0
2026-07-05T08:11:43.108451Z,2026,7,5,65.206400,22.436300,6.0,0,1.5,1,sea,,0,0,0,0,0,0,0
2026-07-05T08:11:43.108638Z,2026,7,5,65.632300,21.416200,7.0,0,2.6,1,mainland,inland_water__mainland,1,0,0,0,0,0,0
2026-07-05T08:20:21.527241Z,2026,7,5,65.628400,21.461300,-73.0,0,16.7,1,mainland,inland_water__mainland,1,0,0,0,0,0,0
2026-07-05T08:20:21.542747Z,2026,7,5,65.632700,21.457300,-5.0,0,11.4,1,mainland,inland_water__mainland,1,0,0,0,0,0,0
2026-07-05T08:20:21.549414Z,2026,7,5,65.627300,21.441600,-21.0,0,12.4,1,mainland,inland_water__mainland,1,0,0,0,0,0,0
2026-07-05T08:21:48.742516Z,2026,7,5,65.638800,21.448500,7.0,0,14.1,1,mainland,,0,0,0,0,0,0,0
2026-07-05T08:21:49.158874Z,2026,7,5,65.690200,21.549100,-55.0,0,18.3,1,mainland,inland_water__mainland,1,0,0,0,0,0,0
2026-07-05T08:21:49.182268Z,2026,7,5,65.690800,21.549800,-11.0,0,4.6,1,mainland,inland_water__mainland,1,0,0,0,0,0,0
2026-07-05T08:21:49.198587Z,2026,7,5,65.688100,21.554300,-7.0,0,4.3,1,mainland,inland_water__mainland,1,0,0,0,0,0,0
2026-07-05T08:21:49.215382Z,2026,7,5,65.690400,21.549700,-6.0,0,5.1,1,mainland,inland_water__mainland,1,0,0,0,0,0,0
2026-07-05T08:23:51.425915Z,2026,7,5,65.644300,21.443400,-17.0,0,10.5,1,mainland,inland_water__mainland,1,0,0,0,0,0,0
2026-07-05T08:23:51.426023Z,2026,7,5,65.650800,21.456000,-11.0,0,0.0,1,mainland,inland_water__mainland,1,0,0,0,0,0,0
2026-07-05T08:23:51.428904Z,2026,7,5,65.638000,21.446600,-36.0,0,22.3,1,mainland,,0,0,0,0,0,0,0
2026-07-05T08:25:36.322832Z,2026,7,5,65.647000,21.435000,7.0,0,7.2,1,mainland,inland_water__mainland,1,0,0,0,0,0,0
2026-07-05T08:25:36.323175Z,2026,7,5,65.647200,21.425300,8.0,0,10.4,1,mainland,inland_water__mainland,1,0,0,0,0,0,0
2026-07-05T08:25:36.345920Z,2026,7,5,65.651800,21.435300,13.0,0,9.3,1,inland_water,inland_water__mainland,1,0,0,0,0,0,0
2026-07-05T08:25:36.348899Z,2026,7,5,65.643300,21.435000,7.0,0,5.7,1,mainland,inland_water__mainland,1,0,0,0,0,0,0
2026-07-05T08:28:14.363781Z,2026,7,5,65.650600,21.442100,12.0,0,7.3,1,mainland,inland_water__mainland,1,0,0,0,0,0,0
2026-07-05T08:28:14.364830Z,2026,7,5,65.657100,21.428700,10.0,0,14.8,1,mainland,,0,0,0,0,0,0,0
2026-07-05T08:29:20.698837Z,2026,7,5,65.643600,21.434200,9.0,0,10.0,1,mainland,inland_water__mainland,1,0,0,0,0,0,0
2026-07-05T08:29:20.700105Z,2026,7,5,65.647100,21.431000,10.0,0,7.5,1,mainland,inland_water__mainland,1,0,0,0,0,0,0
2026-07-05T08:32:15.534355Z,2026,7,5,65.637500,21.397900,-7.0,0,0.0,1,mainland,,0,0,0,0,0,0,1
2026-07-05T08:32:15.534403Z,2026,7,5,65.639700,21.398600,-13.0,0,0.0,1,mainland,,0,0,0,0,0,0,1
2026-07-05T08:32:15.534480Z,2026,7,5,65.633300,21.409900,-17.0,0,10.3,1,mainland,inland_water__mainland,1,0,0,0,0,0,0
2026-07-05T08:32:15.537340Z,2026,7,5,65.634500,21.426100,-30.0,0,7.9,1,mainland,,0,0,0,0,0,0,0
2026-07-05T08:35:03.909542Z,2026,7,5,65.652400,21.369500,5.0,0,2.6,1,mainland,,1,0,0,0,1,1,1
2026-07-05T08:36:53.848097Z,2026,7,5,65.648300,21.397300,9.0,0,0.0,1,mainland,,0,0,0,0,0,0,1
2026-07-05T08:36:53.848317Z,2026,7,5,65.650000,21.391500,24.0,0,8.8,1,mainland,,0,0,0,0,0,0,1
2026-07-05T08:36:53.849643Z,2026,7,5,65.653600,21.386900,8.0,0,13.4,1,mainland,,0,0,0,0,0,0,1
2026-07-05T08:36:53.865031Z,2026,7,5,65.664500,21.374000,7.0,0,6.8,1,mainland,inland_water__mainland,1,0,0,0,0,0,1
2026-07-05T08:51:31.616849Z,2026,7,5,65.693400,22.060600,-14.0,0,0.0,1,mainland,,0,0,0,0,0,0,0
2026-07-05T11:32:33.377721Z,2026,7,5,65.483300,22.219300,6.0,0,2.0,1,sea,,0,0,0,0,0,0,0
2026-07-22T09:50:52.592329Z,2026,7,22,65.614700,22.058800,-12.0,0,3.2,1,mainland,mainland__sea,1,1,1,1,0,0,0
2026-07-22T10:05:06.971169Z,2026,7,22,65.694800,22.186600,9.0,0,8.3,1,mainland,,0,0,0,0,0,0,0
2026-07-22T14:39:43.807834Z,2026,7,22,65.685100,21.902800,6.0,0,11.1,1,mainland,,0,0,0,0,0,0,0
2026-07-24T18:22:33.248090Z,2026,7,24,66.071500,22.056600,-5.0,0,9.9,1,inland_water,inland_water__mainland,1,0,0,0,0,0,1
2026-07-24T18:24:44.142781Z,2026,7,24,66.152800,21.985900,5.0,0,12.3,1,mainland,,1,0,0,0,1,1,1
2026-07-24T18:27:33.118242Z,2026,7,24,66.181800,22.077800,6.0,0,4.4,1,mainland,,0,0,0,0,0,0,1
2026-07-24T18:29:11.204832Z,2026,7,24,66.171100,22.093100,-24.0,0,9.9,1,mainland,inland_water__mainland,1,0,0,0,0,0,0
2026-07-24T18:29:11.253262Z,2026,7,24,66.170300,22.090400,-15.0,0,6.1,1,mainland,inland_water__mainland,1,0,0,0,0,0,0
2026-07-24T18:30:24.117569Z,2026,7,24,66.243700,22.135000,4.0,0,10.5,1,mainland,inland_water__mainland,1,0,0,0,0,0,0
2026-07-24T18:34:11.323385Z,2026,7,24,66.198500,22.105200,11.0,0,22.8,1,mainland,,0,0,0,0,0,0,0
2026-07-24T18:35:39.917600Z,2026,7,24,66.222300,22.135600,23.0,0,6.9,1,mainland,,0,0,0,0,0,0,0
2026-07-24T18:35:39.917618Z,2026,7,24,66.222500,22.115900,22.0,0,0.0,1,inland_water,inland_water__mainland,1,0,0,0,0,0,0
2026-07-24T18:35:39.917956Z,2026,7,24,66.222900,22.130600,26.0,0,17.9,1,mainland,inland_water__mainland,1,0,0,0,0,0,0
2026-07-24T18:35:39.918472Z,2026,7,24,66.222500,22.122600,10.0,0,25.4,1,mainland,inland_water__mainland,1,0,0,0,0,0,0
2026-07-24T18:35:39.918749Z,2026,7,24,66.220300,22.157400,5.0,0,0.0,1,mainland,,0,0,0,0,0,0,0
2026-07-24T18:35:39.920065Z,2026,7,24,66.186800,22.150300,6.0,0,11.7,1,mainland,inland_water__mainland,1,0,0,0,0,0,0
2026-07-24T18:35:39.920827Z,2026,7,24,66.220600,22.127700,6.0,0,11.7,1,mainland,inland_water__mainland,1,0,0,0,0,0,0
2026-07-24T18:35:39.927109Z,2026,7,24,66.224100,22.135200,6.0,0,8.6,1,mainland,,0,0,0,0,0,0,0
2026-07-24T18:35:39.952577Z,2026,7,24,66.230100,22.139400,8.0,0,13.8,1,mainland,,0,0,0,0,0,0,0
2026-07-24T18:36:52.261381Z,2026,7,24,66.219300,22.132000,9.0,0,10.1,1,mainland,inland_water__mainland,1,0,0,0,0,0,0
2026-07-24T18:36:52.262098Z,2026,7,24,66.224600,22.130400,9.0,0,8.1,1,mainland,,0,0,0,0,0,0,0
2026-07-24T18:39:03.060740Z,2026,7,24,66.121800,22.138200,-12.0,0,6.3,1,mainland,,0,0,0,0,0,0,0
2026-07-24T18:39:03.062265Z,2026,7,24,66.167700,22.142600,5.0,0,8.9,1,mainland,,0,0,0,0,0,0,0
2026-07-24T18:54:36.385890Z,2026,7,24,66.177200,22.256200,8.0,0,8.9,1,mainland,,0,0,0,0,0,0,0
2026-07-30T15:44:19.202406Z,2026,7,30,65.984300,21.864100,7.0,0,30.4,1,mainland,,1,0,0,0,0,1,1
2026-07-30T17:39:24.428351Z,2026,7,30,65.461100,22.306000,-72.0,0,6.7,1,sea,,0,0,0,1,0,0,0
2026-07-30T18:45:57.432982Z,2026,7,30,65.174900,22.805900,-8.0,0,2.1,1,sea,,0,0,0,0,0,0,0
2026-07-31T08:36:34.955209Z,2026,7,31,65.110600,22.564500,-11.0,0,15.4,1,sea,,0,0,0,0,0,0,0
2026-07-31T08:36:35.030739Z,2026,7,31,65.113200,22.541600,-7.0,0,3.1,1,sea,,0,0,0,0,0,0,0
2026-07-31T08:39:26.983980Z,2026,7,31,65.205900,22.583800,-11.0,0,9.5,1,sea,,0,0,0,0,0,0,0
2026-07-31T08:43:18.657089Z,2026,7,31,65.215200,22.577800,-14.0,0,0.0,1,sea,,0,0,0,0,0,0,0
2026-07-31T08:45:36.927566Z,2026,7,31,65.180800,22.633800,-13.0,0,24.2,1,sea,,0,0,0,0,0,0,0
2026-07-31T08:49:01.277715Z,2026,7,31,65.105800,22.618000,72.0,0,15.9,1,sea,,0,0,0,0,0,0,0
2026-07-31T08:49:01.284927Z,2026,7,31,65.099400,22.730200,10.0,0,23.1,1,sea,,0,0,0,0,0,0,0
2026-07-31T08:49:01.417725Z,2026,7,31,65.190600,22.727800,-9.0,0,9.0,1,sea,,0,0,0,0,0,0,0
2026-07-31T08:56:51.227369Z,2026,7,31,65.315400,22.435800,-11.0,0,4.8,1,sea,,0,0,0,0,0,0,0
2026-07-31T08:58:07.108948Z,2026,7,31,65.467800,22.332400,-10.0,0,9.2,1,sea,,0,0,0,0,0,0,0
2026-07-31T09:02:28.242853Z,2026,7,31,65.362300,22.485600,-15.0,0,3.9,1,islands,islands__sea,1,1,1,1,0,0,0
2026-07-31T09:02:28.243060Z,2026,7,31,65.362100,22.506500,-9.0,0,0.0,1,sea,,0,0,0,1,0,0,0
2026-07-31T09:03:43.872170Z,2026,7,31,65.353800,22.172200,6.0,0,3.2,1,sea,,0,0,0,0,0,0,0
2026-07-31T09:03:43.872943Z,2026,7,31,65.347000,22.184600,9.0,0,11.6,1,sea,,0,0,0,0,0,0,0
2026-07-31T09:10:35.341348Z,2026,7,31,65.194600,22.680100,-16.0,0,0.0,1,sea,,0,0,0,0,0,0,0
2026-07-31T09:10:35.341549Z,2026,7,31,65.193800,22.680400,-18.0,0,0.0,1,sea,,0,0,0,0,0,0,0
2026-07-31T09:10:35.341639Z,2026,7,31,65.194300,22.674400,-10.0,0,0.0,1,sea,,0,0,0,0,0,0,0
2026-07-31T09:10:35.341671Z,2026,7,31,65.194400,22.683900,-21.0,0,0.0,1,sea,,0,0,0,0,0,0,0
2026-07-31T09:10:35.341730Z,2026,7,31,65.201700,22.677600,-23.0,0,4.6,1,sea,,0,0,0,0,0,0,0
2026-07-31T09:10:35.341797Z,2026,7,31,65.194400,22.685800,-16.0,0,0.0,1,sea,,0,0,0,0,0,0,0
2026-07-31T09:10:51.827794Z,2026,7,31,65.420300,22.398300,16.0,0,3.9,1,sea,,0,0,0,0,0,0,0
2026-07-31T09:10:51.827797Z,2026,7,31,65.424600,22.426000,-15.0,0,0.0,1,sea,,0,0,0,0,0,0,0
2026-07-31T09:10:51.827866Z,2026,7,31,65.420900,22.366800,-18.0,0,9.5,1,sea,,0,0,0,0,0,0,0
2026-07-31T09:10:51.827975Z,2026,7,31,65.411700,22.387500,-13.0,0,0.0,1,sea,,0,0,0,0,0,0,0
2026-07-31T09:10:51.832390Z,2026,7,31,65.429200,22.398500,-20.0,0,5.7,1,sea,,0,0,0,1,0,0,0
2026-07-31T09:10:51.850170Z,2026,7,31,65.418900,22.369400,-7.0,0,3.6,1,sea,,0,0,0,0,0,0,0
2026-07-31T09:10:52.095856Z,2026,7,31,65.419700,22.364900,-38.0,0,4.4,1,sea,,0,0,0,0,0,0,0
2026-07-31T09:48:40.444470Z,2026,7,31,65.642500,22.100600,-20.0,0,0.0,1,mainland,inland_water__mainland,1,0,0,0,0,0,0
2026-07-31T09:48:40.444487Z,2026,7,31,65.646200,22.069100,-12.0,0,0.0,1,mainland,inland_water__mainland,1,0,0,0,0,0,0
2026-07-31T09:48:40.444497Z,2026,7,31,65.731000,21.897300,-38.0,0,14.5,1,mainland,,0,0,0,0,0,0,0
2026-07-31T09:48:40.444596Z,2026,7,31,65.642300,22.107800,-23.0,0,0.0,1,mainland,,0,0,0,0,0,0,0
2026-07-31T09:48:40.452744Z,2026,7,31,65.658500,22.058300,-8.0,0,2.9,1,mainland,,0,0,0,0,0,0,0
2026-07-31T09:52:29.454409Z,2026,7,31,65.676700,22.089500,13.0,0,8.5,1,mainland,inland_water__mainland,1,0,0,0,0,0,0
2026-07-31T09:52:29.454987Z,2026,7,31,65.677600,22.100600,12.0,0,0.0,1,mainland,inland_water__mainland,1,0,0,0,0,0,0
2026-07-31T09:52:29.532808Z,2026,7,31,65.682700,21.904500,-13.0,0,3.8,1,mainland,,0,0,0,0,0,0,0
2026-07-31T09:54:39.676306Z,2026,7,31,65.692400,22.100700,7.0,0,4.3,1,mainland,inland_water__mainland,1,0,0,0,0,0,0
2026-07-31T10:00:22.833856Z,2026,7,31,65.656300,22.353200,5.0,0,1.8,1,sea,islands__sea,1,1,1,1,0,0,0
2026-07-31T10:11:20.627290Z,2026,7,31,65.366400,22.978000,-35.0,0,19.9,1,sea,,0,0,0,0,0,0,0
2026-07-31T10:11:20.627416Z,2026,7,31,65.366100,22.956300,-17.0,0,0.0,1,sea,,0,0,0,0,0,0,0
2026-07-31T10:17:21.059597Z,2026,7,31,65.423300,23.009600,14.0,0,4.6,1,sea,,0,0,0,0,0,0,0
2026-07-31T11:22:57.932200Z,2026,7,31,65.255900,22.928700,-11.0,0,6.7,1,sea,,0,0,0,0,0,0,0
2026-08-01T14:52:07.877640Z,2026,8,1,65.363100,22.199400,6.0,0,30.3,1,sea,,0,0,0,0,0,0,0
2026-08-01T15:17:38.036698Z,2026,8,1,65.089000,22.636100,21.0,0,0.0,1,sea,,0,0,0,0,0,0,0
2026-08-01T15:17:38.036957Z,2026,8,1,65.088100,22.646600,25.0,0,23.6,1,sea,,0,0,0,0,0,0,0
2026-08-01T15:17:38.037579Z,2026,8,1,65.090500,22.632500,15.0,0,0.0,1,sea,,0,0,0,0,0,0,0
2026-08-01T15:17:38.038519Z,2026,8,1,65.086800,22.672500,8.0,0,12.2,1,sea,,0,0,0,0,0,0,0
2026-08-01T15:17:38.044978Z,2026,8,1,65.085500,22.652400,11.0,0,4.6,1,sea,,0,0,0,0,0,0,0
2026-08-01T15:17:38.048280Z,2026,8,1,65.084700,22.657800,16.0,0,29.1,1,sea,,0,0,0,0,0,0,0
2026-08-01T15:19:03.863029Z,2026,8,1,65.091300,22.747800,-38.0,0,0.0,1,sea,,0,0,0,0,0,0,0
2026-08-01T15:19:03.863147Z,2026,8,1,65.092300,22.741500,-42.0,0,0.0,1,sea,,0,0,0,0,0,0,0
2026-08-01T15:19:03.863181Z,2026,8,1,65.090400,22.758900,-44.0,0,0.0,1,sea,,0,0,0,0,0,0,0
2026-08-01T15:19:03.863494Z,2026,8,1,65.118400,22.595200,-168.0,0,14.1,1,sea,,0,0,0,0,0,0,0
2026-08-01T15:19:03.960373Z,2026,8,1,65.083700,22.656200,6.0,0,6.2,1,sea,,0,0,0,0,0,0,0
2026-08-01T15:19:04.301405Z,2026,8,1,65.082200,22.656300,-17.0,0,5.2,1,sea,,0,0,0,0,0,0,0
2026-08-01T15:21:51.895232Z,2026,8,1,65.114800,22.688100,-82.0,0,15.7,1,sea,,0,0,0,0,0,0,0
2026-08-01T15:21:51.895253Z,2026,8,1,65.393000,21.954900,7.0,0,22.4,1,sea,,0,0,0,1,0,0,0
2026-08-01T15:21:51.906091Z,2026,8,1,65.108600,22.679100,-15.0,0,10.8,1,sea,,0,0,0,0,0,0,0
2026-08-01T15:21:51.907730Z,2026,8,1,65.109100,22.670200,-6.0,0,5.5,1,sea,,0,0,0,0,0,0,0
2026-08-01T15:21:51.908125Z,2026,8,1,65.102100,22.646400,-11.0,0,21.3,1,sea,,0,0,0,0,0,0,0
2026-08-01T15:21:51.909314Z,2026,8,1,65.119400,22.706400,-16.0,0,8.3,1,sea,,0,0,0,0,0,0,0
2026-08-01T15:21:51.924441Z,2026,8,1,65.098600,22.660100,-8.0,0,3.2,1,sea,,0,0,0,0,0,0,0
2026-08-01T15:21:52.219716Z,2026,8,1,65.177500,22.633500,-21.0,0,15.3,1,sea,,0,0,0,0,0,0,0
2026-08-01T15:21:52.298313Z,2026,8,1,65.180300,22.618300,-13.0,0,3.7,1,sea,,0,0,0,0,0,0,0
2026-08-01T15:23:10.779348Z,2026,8,1,65.112400,22.864900,6.0,0,6.6,1,sea,,0,0,0,0,0,0,0
2026-08-01T15:26:32.300235Z,2026,8,1,65.122200,22.681600,5.0,0,5.1,1,sea,,0,0,0,0,0,0,0
2026-08-01T15:28:18.581998Z,2026,8,1,65.113700,22.766500,4.0,0,6.8,1,sea,,0,0,0,0,0,0,0
2026-08-01T15:30:25.997799Z,2026,8,1,65.220000,22.662800,-62.0,0,17.9,1,sea,,0,0,0,0,0,0,0
2026-08-01T15:34:12.243831Z,2026,8,1,65.191000,22.806200,7.0,0,5.4,1,sea,,0,0,0,0,0,0,0
2026-08-01T15:34:12.469897Z,2026,8,1,65.230900,22.722500,-21.0,0,4.6,1,sea,,0,0,0,0,0,0,0
2026-08-01T15:34:12.498885Z,2026,8,1,65.231400,22.725200,-11.0,0,1.5,1,sea,,0,0,0,0,0,0,0
2026-08-01T15:34:12.522242Z,2026,8,1,65.232200,22.730000,-9.0,0,1.8,1,sea,,0,0,0,0,0,0,0
2026-08-01T15:42:05.033535Z,2026,8,1,65.200100,22.795400,-24.0,0,9.3,1,sea,,0,0,0,0,0,0,0
2026-08-01T15:42:05.037687Z,2026,8,1,65.199000,22.794500,-7.0,0,1.8,1,sea,,0,0,0,0,0,0,0
2026-08-01T15:42:05.049803Z,2026,8,1,65.202600,22.789000,-5.0,0,1.7,1,sea,,0,0,0,0,0,0,0
2026-08-01T15:42:05.098851Z,2026,8,1,65.198800,22.794300,-12.0,0,2.1,1,sea,,0,0,0,0,0,0,0
2026-08-01T15:42:05.129499Z,2026,8,1,65.200200,22.796300,-12.0,0,2.6,1,sea,,0,0,0,0,0,0,0
2026-08-01T15:46:19.417850Z,2026,8,1,65.296100,22.688200,-4.0,0,4.6,1,sea,,0,0,0,0,0,0,0
2026-08-01T16:00:20.111577Z,2026,8,1,65.252800,22.982600,14.0,0,7.2,1,sea,,0,0,0,0,0,0,0
2026-08-02T13:32:38.993328Z,2026,8,2,65.587800,21.798800,6.0,0,8.3,1,mainland,,0,0,0,0,0,0,0
2026-08-02T14:34:14.370245Z,2026,8,2,65.651200,22.413000,8.0,0,26.3,1,sea,islands__sea,1,0,1,1,0,0,0
2026-08-02T14:56:40.723578Z,2026,8,2,66.095400,22.223700,11.0,0,4.3,1,mainland,,0,0,0,0,0,0,0
2026-08-02T14:56:40.723998Z,2026,8,2,66.095200,22.224400,6.0,0,3.5,1,mainland,inland_water__mainland,1,0,0,0,0,0,0
2026-08-02T15:00:10.074927Z,2026,8,2,66.115300,22.201700,22.0,0,12.8,1,mainland,inland_water__mainland,1,0,0,0,0,0,0
2026-08-02T15:00:10.075451Z,2026,8,2,66.112300,22.205600,9.0,0,0.0,1,mainland,inland_water__mainland,1,0,0,0,0,0,0
2026-08-02T15:00:10.075520Z,2026,8,2,66.113800,22.215000,11.0,0,0.0,1,mainland,inland_water__mainland,1,0,0,0,0,0,0
2026-08-02T15:00:10.160199Z,2026,8,2,66.141500,22.085900,-9.0,0,14.8,1,mainland,,0,0,0,0,0,0,0
2026-08-02T15:03:30.204679Z,2026,8,2,66.147100,22.209900,10.0,0,5.4,1,mainland,inland_water__mainland,1,0,0,0,0,0,0
2026-08-02T15:03:30.285509Z,2026,8,2,66.093500,22.121700,-8.0,0,4.4,1,mainland,,0,0,0,0,0,0,0
2026-08-02T15:12:04.121794Z,2026,8,2,66.181900,22.239600,11.0,0,19.0,1,mainland,,0,0,0,0,0,0,0
2026-08-02T15:14:30.445667Z,2026,8,2,66.190500,22.261600,7.0,0,22.3,1,mainland,,1,0,0,0,0,1,1
2026-08-03T09:41:34.997533Z,2026,8,3,65.513300,21.815500,6.0,0,4.8,1,mainland,inland_water__mainland,1,0,0,0,0,0,0
2026-08-03T09:58:47.454938Z,2026,8,3,65.533500,21.652700,7.0,0,18.2,1,inland_water,inland_water__mainland,1,0,0,0,0,0,0
2026-08-03T09:58:47.455706Z,2026,8,3,65.598400,21.495000,11.0,0,8.9,1,mainland,,0,0,0,0,0,0,1
2026-08-03T09:58:47.550436Z,2026,8,3,65.568700,21.632700,-7.0,0,4.0,1,mainland,,0,0,0,0,0,0,0
2026-08-03T10:13:02.224249Z,2026,8,3,65.987000,22.076000,-28.0,0,9.2,1,mainland,,0,0,0,0,0,0,0
2026-08-03T10:21:50.836733Z,2026,8,3,65.673400,21.566900,-8.0,0,13.9,1,mainland,,0,0,0,0,0,0,0
2026-08-03T10:21:50.836813Z,2026,8,3,65.608700,21.765500,-9.0,0,0.0,1,mainland,,0,0,0,0,0,0,0
2026-08-03T10:21:50.843294Z,2026,8,3,65.594200,21.734500,-20.0,0,3.9,1,mainland,inland_water__mainland,1,0,0,0,0,0,0
2026-08-03T10:27:04.820621Z,2026,8,3,65.634800,22.261100,9.0,0,12.0,1,sea,mainland__sea,1,1,1,1,0,0,0
2026-08-03T10:27:04.830835Z,2026,8,3,65.634500,22.262100,7.0,0,21.7,1,sea,mainland__sea,1,1,1,1,0,0,0
2026-08-03T10:32:54.739726Z,2026,8,3,65.763700,22.172100,7.0,0,0.0,1,mainland,,0,0,0,0,0,0,0
2026-08-03T10:32:54.740367Z,2026,8,3,65.752200,22.196800,11.0,0,17.3,1,mainland,inland_water__mainland,1,0,0,0,0,0,0
2026-08-03T10:49:51.355276Z,2026,8,3,65.514900,21.887900,12.0,0,12.2,1,mainland,mainland__sea,1,1,1,1,0,0,0
2026-08-03T10:49:51.355556Z,2026,8,3,65.517600,21.942200,14.0,0,0.0,1,sea,islands__sea,1,1,1,1,0,0,0
2026-08-03T10:52:16.198540Z,2026,8,3,65.518600,21.926100,14.0,0,9.1,1,islands,islands__sea,1,1,1,1,0,0,0
2026-08-03T10:52:16.199402Z,2026,8,3,65.527000,21.930500,14.0,0,16.8,1,mainland,mainland__sea,1,0,1,1,0,0,0
2026-08-03T10:52:16.204254Z,2026,8,3,65.468000,21.967200,6.0,0,11.9,1,mainland,,0,0,0,1,0,0,0
2026-08-03T10:52:16.205703Z,2026,8,3,65.518500,21.916600,9.0,0,5.5,1,islands,islands__sea,1,1,1,1,0,0,0
2026-08-03T11:02:06.706832Z,2026,8,3,65.931000,22.446600,12.0,0,8.7,1,inland_water,inland_water__mainland,1,0,0,0,0,0,0
2026-08-03T11:02:06.707143Z,2026,8,3,65.930500,22.449300,6.0,0,0.0,1,inland_water,inland_water__mainland,1,0,0,0,0,0,0
2026-08-03T11:02:06.707443Z,2026,8,3,65.929600,22.444500,8.0,0,10.1,1,inland_water,inland_water__mainland,1,0,0,0,0,0,0
2026-08-03T11:02:06.715210Z,2026,8,3,65.930500,22.431900,7.0,0,16.9,1,mainland,inland_water__mainland,1,0,0,0,0,0,0
2026-08-03T11:02:39.123209Z,2026,8,3,65.661800,22.145400,10.0,0,10.7,1,mainland,,0,0,0,0,0,0,0
2026-08-03T11:04:04.240277Z,2026,8,3,65.935200,22.460300,8.0,0,6.9,1,inland_water,,0,0,0,0,0,0,0
2026-08-03T11:04:41.312248Z,2026,8,3,65.485700,22.484900,6.0,0,4.3,1,sea,islands__sea,1,1,1,1,0,0,0
2026-08-03T11:05:39.397217Z,2026,8,3,65.914800,22.382700,-30.0,0,17.9,1,mainland,,0,0,0,0,0,0,0
2026-08-03T11:10:52.196429Z,2026,8,3,65.927200,22.390400,13.0,0,24.2,1,mainland,,0,0,0,0,0,0,0
2026-08-03T11:10:52.197579Z,2026,8,3,65.924300,22.374200,18.0,0,12.6,1,mainland,,0,0,0,0,0,0,0
2026-08-03T11:13:28.649712Z,2026,8,3,65.927300,22.418200,10.0,0,20.7,1,mainland,,0,0,0,0,0,0,0
2026-08-03T11:13:28.650280Z,2026,8,3,65.928700,22.404600,12.0,0,15.1,1,mainland,,0,0,0,0,0,0,0
2026-08-03T11:15:32.548390Z,2026,8,3,65.508100,22.012100,8.0,0,2.3,1,sea,islands__sea,1,1,1,1,0,0,0
2026-08-03T11:16:33.476778Z,2026,8,3,65.919800,22.425900,8.0,0,3.9,1,mainland,inland_water__mainland,1,0,0,0,0,0,0
2026-08-03T11:16:33.480933Z,2026,8,3,65.929200,22.425000,7.0,0,13.0,1,mainland,inland_water__mainland,1,0,0,0,0,0,0
2026-08-03T11:16:38.259925Z,2026,8,3,65.522300,21.990200,7.0,0,4.2,1,mainland,inland_water__mainland,1,0,0,1,0,0,0
2026-08-03T11:16:38.261786Z,2026,8,3,65.520100,22.003200,7.0,0,6.8,1,mainland,mainland__sea,1,1,1,1,0,0,0
2026-08-03T11:17:55.483706Z,2026,8,3,65.511300,21.993600,6.0,0,9.1,1,sea,mainland__sea,1,1,1,1,0,0,0
2026-08-03T11:19:46.461537Z,2026,8,3,65.529000,22.069900,13.0,0,0.0,1,mainland,inland_water__mainland,1,0,1,1,0,0,0
2026-08-03T11:19:46.461825Z,2026,8,3,65.531100,22.054400,24.0,0,17.3,1,mainland,,0,0,0,0,0,0,0
2026-08-03T11:19:46.475406Z,2026,8,3,65.529200,22.032800,7.0,0,6.6,1,mainland,inland_water__mainland,1,0,0,0,0,0,0
2026-08-03T11:20:30.802608Z,2026,8,3,65.924100,22.414200,12.0,0,14.2,1,mainland,,0,0,0,0,0,0,0
2026-08-03T11:21:04.259732Z,2026,8,3,65.534500,21.986500,8.0,0,11.6,1,mainland,,0,0,0,0,0,0,0
2026-08-03T11:22:38.930089Z,2026,8,3,65.529100,22.043600,11.0,0,7.4,1,mainland,inland_water__mainland,1,0,0,0,0,0,0
2026-08-03T11:22:38.940567Z,2026,8,3,65.533900,22.046000,6.0,0,12.8,1,mainland,,0,0,0,0,0,0,0
2026-08-03T11:22:54.768565Z,2026,8,3,65.887300,22.497700,7.0,0,29.1,1,inland_water,inland_water__mainland,1,0,0,0,0,0,0
2026-08-03T11:22:54.769354Z,2026,8,3,65.674400,22.791800,8.0,0,7.3,1,sea,,0,0,0,1,0,0,0
2026-08-03T11:22:54.769486Z,2026,8,3,65.923400,22.538400,-16.0,0,14.5,1,mainland,,1,0,0,0,1,1,1
2026-08-03T11:22:54.770723Z,2026,8,3,65.856200,22.491800,6.0,0,20.5,1,inland_water,inland_water__mainland,1,0,0,0,0,0,0
2026-08-03T11:22:54.773346Z,2026,8,3,66.010700,22.462300,7.0,0,19.3,1,mainland,,1,0,0,0,0,1,1
2026-08-03T11:24:11.266357Z,2026,8,3,65.925500,22.472600,6.0,0,12.9,1,mainland,inland_water__mainland,1,0,0,0,0,0,0
2026-08-03T11:24:11.267158Z,2026,8,3,65.925000,22.459600,12.0,0,21.4,1,inland_water,,0,0,0,0,0,0,0
2026-08-03T11:24:11.275860Z,2026,8,3,65.923000,22.443100,8.0,0,4.9,1,mainland,inland_water__mainland,1,0,0,0,0,0,0
2026-08-03T11:25:38.362881Z,2026,8,3,65.920900,22.428400,15.0,0,5.0,1,mainland,inland_water__mainland,1,0,0,0,0,0,0
2026-08-03T11:25:38.363971Z,2026,8,3,65.920600,22.436800,11.0,0,11.7,1,inland_water,inland_water__mainland,1,0,0,0,0,0,0
2026-08-03T11:27:52.880644Z,2026,8,3,65.928800,22.458200,18.0,0,19.4,1,inland_water,inland_water__mainland,1,0,0,0,0,0,0
2026-08-03T11:27:52.881452Z,2026,8,3,65.928800,22.470600,10.0,0,15.6,1,mainland,inland_water__mainland,1,0,0,0,0,0,0
2026-08-03T11:27:52.894957Z,2026,8,3,65.948800,22.462700,6.0,0,4.2,1,mainland,inland_water__mainland,1,0,0,0,0,0,0
2026-08-03T11:31:16.033150Z,2026,8,3,65.930000,22.468300,6.0,0,2.1,1,mainland,inland_water__mainland,1,0,0,0,0,0,0
2026-08-03T11:31:16.034499Z,2026,8,3,65.929200,22.470700,15.0,0,6.8,1,mainland,inland_water__mainland,1,0,0,0,0,0,0
2026-08-03T11:31:16.034921Z,2026,8,3,65.929000,22.476500,12.0,0,23.2,1,mainland,inland_water__mainland,1,0,0,0,0,0,0
2026-08-03T11:31:16.036521Z,2026,8,3,65.910900,22.518500,9.0,0,24.8,1,mainland,,0,0,0,0,0,0,0
2026-08-03T11:31:16.045203Z,2026,8,3,65.932500,22.470500,6.0,0,8.6,1,inland_water,inland_water__mainland,1,0,0,0,0,0,0
2026-08-03T11:38:42.417835Z,2026,8,3,66.039300,22.142300,7.0,0,5.7,1,mainland,,0,0,0,0,0,0,0
2026-08-03T11:38:42.418160Z,2026,8,3,66.039800,22.124700,8.0,0,14.2,1,mainland,inland_water__mainland,1,0,0,0,0,0,0
2026-08-03T11:38:42.423846Z,2026,8,3,66.033000,22.128100,10.0,0,3.5,1,mainland,inland_water__mainland,1,0,0,0,0,0,0
2026-08-03T11:38:42.453982Z,2026,8,3,66.026000,22.143500,7.0,0,11.3,1,mainland,,0,0,0,0,0,0,0
2026-08-03T11:38:42.454364Z,2026,8,3,66.028700,22.111000,7.0,0,7.4,1,mainland,inland_water__mainland,1,0,0,0,0,0,0
2026-08-03T11:38:42.479008Z,2026,8,3,65.975900,22.052200,6.0,0,14.1,1,mainland,inland_water__mainland,1,0,0,0,0,0,0
2026-08-03T11:38:42.479509Z,2026,8,3,65.972300,22.024200,8.0,0,4.6,1,mainland,,0,0,0,0,0,0,0
2026-08-03T11:38:42.479857Z,2026,8,3,65.974100,22.022300,5.0,0,15.0,1,mainland,,0,0,0,0,0,0,0
2026-08-03T11:38:42.538929Z,2026,8,3,66.035100,22.089100,27.0,0,7.4,1,mainland,inland_water__mainland,1,0,0,0,0,0,0
2026-08-03T11:49:05.958995Z,2026,8,3,66.072700,22.222900,9.0,0,19.4,1,mainland,,0,0,0,0,0,0,0
2026-08-03T11:50:04.745169Z,2026,8,3,66.139600,22.291300,8.0,0,8.6,1,inland_water,inland_water__mainland,1,0,0,0,0,0,0
2026-08-03T11:50:34.284790Z,2026,8,3,66.072600,22.228900,6.0,0,7.5,1,mainland,,0,0,0,0,0,0,0
2026-08-03T11:50:34.285451Z,2026,8,3,66.048700,22.260400,6.0,0,11.7,1,mainland,inland_water__mainland,1,0,0,0,0,0,0
2026-08-03T12:08:45.618498Z,2026,8,3,65.978900,22.399000,7.0,0,0.0,1,mainland,,0,0,0,0,0,0,0
2026-08-03T12:08:45.618844Z,2026,8,3,65.979900,22.382200,8.0,0,0.0,1,mainland,,0,0,0,0,0,0,0
2026-08-03T12:08:45.619037Z,2026,8,3,65.982200,22.389200,13.0,0,8.2,1,mainland,,0,0,0,0,0,0,0
2026-08-03T12:08:45.619060Z,2026,8,3,65.979800,22.382400,-19.0,0,9.2,1,mainland,,0,0,0,0,0,0,0
2026-08-03T12:11:16.017375Z,2026,8,3,66.042500,22.355000,51.0,0,10.3,1,mainland,inland_water__mainland,1,0,0,0,0,0,0
2026-08-03T12:12:38.073783Z,2026,8,3,65.985700,22.424900,8.0,0,11.1,1,mainland,,0,0,0,0,0,0,0
2026-08-03T12:12:38.074084Z,2026,8,3,65.986200,22.415000,8.0,0,3.5,1,mainland,,0,0,0,0,0,0,0
2026-08-03T12:16:19.256546Z,2026,8,3,65.992500,22.418500,11.0,0,5.5,1,mainland,,0,0,0,0,0,0,0
2026-08-03T12:16:19.258663Z,2026,8,3,66.002000,22.415600,10.0,0,8.3,1,mainland,,0,0,0,0,0,0,0
2026-08-03T12:16:19.377747Z,2026,8,3,66.002100,22.435800,65.0,0,19.2,1,mainland,inland_water__mainland,1,0,0,0,0,0,0
2026-08-03T12:16:19.378069Z,2026,8,3,65.850700,22.287100,-24.0,0,0.0,1,inland_water,inland_water__mainland,1,0,0,0,0,0,0
2026-08-03T12:16:19.478031Z,2026,8,3,66.002500,22.431900,28.0,0,8.0,1,mainland,inland_water__mainland,1,0,0,0,0,0,0
2026-08-03T12:20:12.929278Z,2026,8,3,65.555500,22.349300,6.0,0,4.4,1,mainland,mainland__sea,1,0,1,1,0,0,0
2026-08-03T12:21:07.260031Z,2026,8,3,65.564400,22.480500,19.0,0,30.4,1,sea,,0,0,0,0,0,0,0
2026-08-03T12:21:07.260473Z,2026,8,3,65.556800,22.398800,11.0,0,0.0,1,sea,mainland__sea,1,1,1,1,0,0,0
2026-08-03T12:21:07.260829Z,2026,8,3,65.560900,22.351600,12.0,0,16.2,1,mainland,,0,0,0,1,0,0,0
2026-08-03T12:21:07.407345Z,2026,8,3,65.545200,22.237800,-12.0,0,3.1,1,sea,islands__sea,1,0,1,1,0,0,0
2026-08-03T12:22:39.205001Z,2026,8,3,65.570500,22.368400,10.0,0,1.2,1,mainland,,0,0,0,1,0,0,0
2026-08-03T12:22:39.213072Z,2026,8,3,65.570600,22.390100,7.0,0,3.4,1,sea,mainland__sea,1,0,1,1,0,0,0
2026-08-03T12:22:39.216487Z,2026,8,3,65.570000,22.371700,12.0,0,6.2,1,mainland,mainland__sea,1,0,1,1,0,0,0
2026-08-03T12:22:39.322665Z,2026,8,3,65.608400,22.546100,-10.0,0,3.6,1,sea,islands__sea,1,0,1,1,0,0,0
2026-08-03T12:23:50.004167Z,2026,8,3,65.565100,22.384800,11.0,0,18.8,1,mainland,mainland__sea,1,1,1,1,0,0,0
2026-08-03T12:23:50.005544Z,2026,8,3,65.571300,22.393900,12.0,0,5.6,1,sea,,0,0,0,1,0,0,0
2026-08-03T12:23:50.006559Z,2026,8,3,65.570200,22.391400,12.0,0,12.4,1,sea,mainland__sea,1,0,1,1,0,0,0
2026-08-03T12:23:50.016060Z,2026,8,3,65.570100,22.376700,6.0,0,16.1,1,mainland,mainland__sea,1,1,1,1,0,0,0
2026-08-03T12:23:50.017447Z,2026,8,3,65.576800,22.381900,13.0,0,5.8,1,sea,mainland__sea,1,1,1,1,0,0,0
2026-08-03T12:23:50.019177Z,2026,8,3,65.566900,22.392400,7.0,0,8.3,1,sea,mainland__sea,1,0,1,1,0,0,0
2026-08-03T12:23:50.149266Z,2026,8,3,65.514000,22.343500,-12.0,0,3.7,1,sea,,0,0,0,1,0,0,0
2026-08-03T12:26:06.635439Z,2026,8,3,65.575400,22.430400,7.0,0,14.3,1,sea,,0,0,0,0,0,0,0
2026-08-03T12:26:06.637530Z,2026,8,3,65.415900,22.711000,6.0,0,7.9,1,sea,,0,0,0,0,0,0,0
2026-08-03T12:26:06.637972Z,2026,8,3,65.577700,22.413200,11.0,0,13.0,1,sea,,0,0,0,0,0,0,0
2026-08-03T12:26:06.643250Z,2026,8,3,65.606200,22.435500,10.0,0,5.8,1,sea,islands__sea,1,0,1,1,0,0,0
2026-08-03T12:26:06.745359Z,2026,8,3,65.598700,22.317600,-23.0,0,9.3,1,sea,islands__sea,1,0,1,1,0,0,0
2026-08-03T12:26:06.745477Z,2026,8,3,65.607300,22.358600,-10.0,0,0.0,1,sea,islands__sea,1,1,1,1,0,0,0
2026-08-03T12:27:45.491464Z,2026,8,3,66.205100,22.170600,-7.0,0,4.1,1,mainland,,0,0,0,0,0,0,0
2026-08-03T12:39:27.177962Z,2026,8,3,65.596600,22.517800,9.0,0,0.0,1,islands,islands__sea,1,1,1,1,0,0,0
2026-08-03T12:39:27.178103Z,2026,8,3,65.573300,22.497900,12.0,0,0.0,1,sea,,0,0,0,0,0,0,0
2026-08-03T12:39:27.178148Z,2026,8,3,65.592600,22.572300,9.0,0,0.0,1,sea,islands__sea,1,1,1,1,0,0,0
2026-08-03T12:39:27.178253Z,2026,8,3,65.593500,22.528400,16.0,0,0.0,1,sea,islands__sea,1,1,1,1,0,0,0
2026-08-03T12:39:27.178299Z,2026,8,3,65.613100,22.570100,9.0,0,0.0,1,islands,islands__sea,1,1,1,1,0,0,0
2026-08-03T12:39:27.179075Z,2026,8,3,65.584600,22.509500,21.0,0,19.8,1,sea,,0,0,0,1,0,0,0
2026-08-03T12:39:27.179906Z,2026,8,3,65.587200,22.507100,13.0,0,9.9,1,sea,,0,0,0,1,0,0,0
2026-08-03T12:39:27.188456Z,2026,8,3,65.585900,22.515300,17.0,0,6.7,1,sea,,0,0,0,1,0,0,0
2026-08-03T12:39:27.189572Z,2026,8,3,65.581800,22.511300,9.0,0,8.8,1,sea,,0,0,0,1,0,0,0
2026-08-03T12:58:32.556034Z,2026,8,3,65.843400,22.044500,13.0,0,0.0,1,mainland,inland_water__mainland,1,0,0,0,1,1,1
2026-08-03T13:00:21.306067Z,2026,8,3,65.793700,22.113600,-5.0,0,4.2,1,mainland,,0,0,0,0,0,0,0
2026-08-03T13:01:43.794021Z,2026,8,3,65.794800,21.984500,14.0,0,0.0,1,mainland,,0,0,0,0,0,0,0
2026-08-03T13:01:43.794668Z,2026,8,3,65.801200,21.996900,11.0,0,0.0,1,mainland,,0,0,0,0,0,0,0
2026-08-03T13:01:43.801527Z,2026,8,3,65.832900,22.045800,8.0,0,19.6,1,mainland,inland_water__mainland,1,0,0,0,1,1,1
2026-08-03T13:03:02.793665Z,2026,8,3,65.836400,22.234200,15.0,0,0.0,1,mainland,,0,0,0,0,0,0,0
2026-08-03T13:03:02.794025Z,2026,8,3,65.840500,22.049200,21.0,0,13.8,1,mainland,inland_water__mainland,1,0,0,0,0,1,1
2026-08-03T13:09:07.264136Z,2026,8,3,65.930800,22.100500,9.0,0,8.1,1,mainland,,0,0,0,0,0,0,0
2026-08-03T13:09:07.287460Z,2026,8,3,65.924600,22.099400,29.0,0,18.6,1,mainland,inland_water__mainland,1,0,0,0,0,0,0
2026-08-03T13:09:07.287594Z,2026,8,3,65.943500,22.072300,9.0,0,0.0,1,mainland,inland_water__mainland,1,0,0,0,0,0,0
2026-08-03T13:16:03.104640Z,2026,8,3,65.828700,22.265800,18.0,0,13.8,1,mainland,,0,0,0,0,0,0,0
2026-08-03T13:16:03.113526Z,2026,8,3,65.837200,22.189000,17.0,0,29.1,1,mainland,inland_water__mainland,1,0,0,0,0,0,0
2026-08-03T13:24:37.173190Z,2026,8,3,65.832600,22.320500,8.0,0,4.6,1,mainland,,0,0,0,1,0,0,0
2026-08-03T13:24:37.175442Z,2026,8,3,65.831300,22.285900,6.0,0,2.6,1,mainland,,0,0,0,0,0,0,0
2026-08-03T13:24:37.197244Z,2026,8,3,65.834000,22.278600,12.0,0,13.1,1,mainland,,0,0,0,0,0,0,0
2026-08-03T13:26:05.107975Z,2026,8,3,65.828900,22.340500,9.0,0,4.6,1,mainland,mainland__sea,1,0,1,1,0,0,0
2026-08-03T13:26:05.108352Z,2026,8,3,65.827800,22.340500,7.0,0,0.0,1,mainland,mainland__sea,1,0,1,1,0,0,0
2026-08-03T13:26:05.108565Z,2026,8,3,65.826400,22.337600,7.0,0,5.1,1,mainland,,0,0,0,1,0,0,0
2026-08-03T13:26:05.117568Z,2026,8,3,65.828500,22.333600,6.0,0,3.2,1,mainland,,0,0,0,1,0,0,0
2026-08-03T13:27:14.154866Z,2026,8,3,65.823000,22.323300,12.0,0,8.9,1,mainland,,0,0,0,0,0,0,0
2026-08-03T13:27:14.155130Z,2026,8,3,65.819400,22.340600,8.0,0,0.0,1,mainland,mainland__sea,1,0,1,1,0,0,0
2026-08-03T13:27:59.176615Z,2026,8,3,65.597600,22.269400,6.0,0,3.5,1,mainland,,0,0,0,0,0,0,0
2026-08-03T13:31:11.275123Z,2026,8,3,65.811700,22.370100,8.0,0,9.4,1,sea,mainland__sea,1,0,1,1,0,0,0
2026-08-03T13:31:11.275944Z,2026,8,3,65.812400,22.356200,9.0,0,2.4,1,mainland,mainland__sea,1,1,1,1,0,0,0
2026-08-03T13:31:11.276697Z,2026,8,3,65.816000,22.405200,-10.0,0,9.3,1,sea,islands__sea,1,0,1,1,0,0,0
2026-08-03T13:33:27.442191Z,2026,8,3,65.818400,22.373500,13.0,0,13.7,1,sea,islands__sea,1,0,1,1,0,0,0
2026-08-03T13:33:27.443138Z,2026,8,3,65.789000,22.534800,20.0,0,0.0,1,mainland,,0,0,0,1,0,0,0
2026-08-03T13:36:06.716995Z,2026,8,3,65.808500,22.425300,8.0,0,19.9,1,sea,islands__sea,1,1,1,1,0,0,0
2026-08-03T13:36:06.717801Z,2026,8,3,65.805300,22.423500,7.0,0,6.1,1,sea,islands__sea,1,0,1,1,0,0,0
2026-08-03T13:36:06.719510Z,2026,8,3,65.806700,22.401100,7.0,0,14.3,1,sea,,0,0,0,1,0,0,0
2026-08-03T13:36:06.725137Z,2026,8,3,65.807300,22.428000,12.0,0,17.2,1,sea,islands__sea,1,1,1,1,0,0,0
2026-08-03T13:38:15.897156Z,2026,8,3,65.810500,22.421800,25.0,0,23.1,1,sea,islands__sea,1,1,1,1,0,0,0
2026-08-03T13:38:46.900120Z,2026,8,3,65.604600,22.547400,-38.0,0,12.5,1,sea,islands__sea,1,1,1,1,0,0,0
2026-08-03T13:49:55.980100Z,2026,8,3,65.843400,22.593300,8.0,0,12.0,1,mainland,,1,0,0,0,1,1,1
2026-08-06T18:24:05.850871Z,2026,8,6,65.576800,21.855900,-18.0,0,0.0,1,mainland,,0,0,0,0,0,0,0
2026-08-06T18:43:52.004603Z,2026,8,6,65.118300,22.541100,-7.0,0,0.0,1,sea,,0,0,0,0,0,0,0
2026-08-06T18:43:52.004821Z,2026,8,6,65.117000,22.652700,-170.0,0,16.5,1,sea,,0,0,0,0,0,0,0
2026-08-06T18:43:52.037129Z,2026,8,6,65.106000,22.567900,-54.0,0,7.0,1,sea,,0,0,0,0,0,0,0
2026-08-06T18:43:52.050433Z,2026,8,6,65.106000,22.566500,-34.0,0,6.4,1,sea,,0,0,0,0,0,0,0
2026-08-06T18:43:52.080557Z,2026,8,6,65.114300,22.569000,-24.0,0,6.6,1,sea,,0,0,0,0,0,0,0
2026-08-06T18:43:52.109062Z,2026,8,6,65.099500,22.543800,-22.0,0,13.1,1,sea,,0,0,0,0,0,0,0
2026-08-06T18:43:52.172891Z,2026,8,6,65.103200,22.562600,-14.0,0,5.6,1,sea,,0,0,0,0,0,0,0
2026-08-06T18:52:29.810450Z,2026,8,6,65.116700,22.729800,-12.0,0,10.6,1,sea,,0,0,0,0,0,0,0
2026-08-06T18:52:29.810467Z,2026,8,6,65.119600,22.595500,10.0,0,6.4,1,sea,,0,0,0,0,0,0,0
2026-08-06T18:52:29.935090Z,2026,8,6,65.172100,22.699800,-12.0,0,2.6,1,sea,,0,0,0,0,0,0,0
2026-08-06T18:52:29.991394Z,2026,8,6,65.140600,22.646400,-7.0,0,1.8,1,sea,,0,0,0,0,0,0,0
2026-08-06T18:57:37.428967Z,2026,8,6,65.177000,22.660600,-13.0,0,14.9,1,sea,,0,0,0,0,0,0,0
2026-08-06T18:57:37.431398Z,2026,8,6,65.164100,22.663700,-161.0,0,7.8,1,sea,,0,0,0,0,0,0,0
2026-08-06T18:57:37.431398Z,2026,8,6,65.179600,22.774800,-120.0,0,8.3,1,sea,,0,0,0,0,0,0,0
2026-08-06T18:57:37.488627Z,2026,8,6,65.171000,22.663600,-25.0,0,27.3,1,sea,,0,0,0,0,0,0,0
2026-08-06T18:57:37.493326Z,2026,8,6,65.179900,22.727300,-21.0,0,5.7,1,sea,,0,0,0,0,0,0,0
2026-08-06T18:57:37.495718Z,2026,8,6,65.162800,22.669600,-8.0,0,2.4,1,sea,,0,0,0,0,0,0,0
2026-08-06T18:57:37.508638Z,2026,8,6,65.160400,22.671000,-10.0,0,3.0,1,sea,,0,0,0,0,0,0,0
2026-08-06T18:58:54.859524Z,2026,8,6,65.177400,22.671100,-11.0,0,18.6,1,sea,,0,0,0,0,0,0,0
2026-08-06T18:58:54.863217Z,2026,8,6,65.165100,22.687500,-70.0,0,9.5,1,sea,,0,0,0,0,0,0,0
2026-08-06T18:58:54.924441Z,2026,8,6,65.178600,22.708100,-12.0,0,4.8,1,sea,,0,0,0,0,0,0,0
2026-08-06T18:58:54.951442Z,2026,8,6,65.188400,22.733700,-8.0,0,2.5,1,sea,,0,0,0,0,0,0,0
2026-08-06T19:01:02.146985Z,2026,8,6,65.197900,22.656700,-17.0,0,0.0,1,sea,,0,0,0,0,0,0,0
2026-08-06T19:01:02.147159Z,2026,8,6,65.198700,22.655400,-15.0,0,0.0,1,sea,,0,0,0,0,0,0,0
2026-08-06T19:01:02.147225Z,2026,8,6,65.193800,22.618500,-17.0,0,0.0,1,sea,,0,0,0,0,0,0,0
2026-08-06T19:01:02.147470Z,2026,8,6,65.193700,22.613600,-20.0,0,0.0,1,sea,,0,0,0,0,0,0,0
2026-08-06T19:01:02.147561Z,2026,8,6,65.176500,22.701100,-12.0,0,0.0,1,sea,,0,0,0,0,0,0,0
2026-08-06T19:01:02.147615Z,2026,8,6,65.170800,22.719500,-17.0,0,0.0,1,sea,,0,0,0,0,0,0,0
2026-08-06T19:01:02.150252Z,2026,8,6,65.182400,22.671400,-92.0,0,12.3,1,sea,,0,0,0,0,0,0,0
2026-08-06T19:01:02.171278Z,2026,8,6,65.183000,22.658000,6.0,0,1.5,1,sea,,0,0,0,0,0,0,0
2026-08-06T19:05:08.459730Z,2026,8,6,65.206000,22.751900,-11.0,0,0.0,1,sea,,0,0,0,0,0,0,0
2026-08-06T19:05:08.462865Z,2026,8,6,65.198300,22.744200,-49.0,0,8.5,1,sea,,0,0,0,0,0,0,0
2026-09-03T07:28:54.808901Z,2026,9,3,65.357100,22.175400,12.0,0,3.8,1,sea,,0,0,0,0,0,0,0
2026-09-03T07:28:54.912936Z,2026,9,3,65.320500,22.321900,-14.0,0,6.7,1,sea,,0,0,0,0,0,0,0
2026-09-03T09:31:19.374295Z,2026,9,3,65.659300,22.703700,6.0,0,8.3,1,sea,islands__sea,1,1,1,1,0,0,0
2026-09-03T09:31:19.375518Z,2026,9,3,65.685600,22.777500,6.0,0,23.7,1,sea,,0,0,0,0,0,0,0
2026-09-03T09:31:19.386520Z,2026,9,3,65.658600,22.720800,14.0,0,30.4,1,sea,,0,0,0,1,0,0,0
2026-09-03T09:31:19.444961Z,2026,9,3,65.586200,22.488700,5.0,0,3.8,1,sea,,0,0,0,0,0,0,0
2026-09-03T09:31:19.486105Z,2026,9,3,65.681400,22.601000,7.0,0,3.7,1,sea,islands__sea,1,0,1,1,0,0,0
2026-09-03T10:04:33.891890Z,2026,9,3,65.761700,22.608500,82.0,0,10.6,1,sea,,0,0,0,1,0,0,1
2026-09-03T10:04:33.919021Z,2026,9,3,65.761400,22.612100,16.0,0,5.2,1,sea,,0,0,0,0,0,0,1
2026-09-03T23:37:25.673070Z,2026,9,3,65.377200,22.592200,6.0,0,3.1,1,sea,,0,0,0,0,0,0,0
2026-09-03T23:39:01.142300Z,2026,9,3,65.369700,22.583000,6.0,0,30.4,1,sea,,0,0,0,0,0,0,0
2026-09-03T23:44:49.148976Z,2026,9,3,65.378400,22.591600,19.0,0,7.0,1,sea,,0,0,0,0,0,0,0
2026-09-03T23:44:49.149304Z,2026,9,3,65.373700,22.570500,13.0,0,7.2,1,sea,,0,0,0,0,0,0,0
2026-09-03T23:44:49.151610Z,2026,9,3,65.367400,22.566300,8.0,0,8.2,1,sea,,0,0,0,0,0,0,0
2026-09-03T23:44:49.198397Z,2026,9,3,65.381500,22.690600,-16.0,0,5.4,1,sea,,0,0,0,0,0,0,0
2026-09-04T02:01:40.472909Z,2026,9,4,65.340500,22.831000,6.0,0,4.8,1,sea,,0,0,0,0,0,0,0
