parameter_id,parameter_name,year,path,row_count,min_datetime_utc,max_datetime_utc
1,Lufttemperatur,1945,data/parameter_1/1945.csv,1095,1945-01-01T07:00:00Z,1945-12-31T18:00:00Z
1,Lufttemperatur,1946,data/parameter_1/1946.csv,1095,1946-01-01T07:00:00Z,1946-12-31T18:00:00Z
1,Lufttemperatur,1947,data/parameter_1/1947.csv,1095,1947-01-01T06:00:00Z,1947-12-31T18:00:00Z
1,Lufttemperatur,1948,data/parameter_1/1948.csv,1098,1948-01-01T06:00:00Z,1948-12-31T18:00:00Z
1,Lufttemperatur,1949,data/parameter_1/1949.csv,2846,1949-01-01T00:00:00Z,1949-12-31T21:00:00Z
1,Lufttemperatur,1950,data/parameter_1/1950.csv,2920,1950-01-01T00:00:00Z,1950-12-31T21:00:00Z
1,Lufttemperatur,1951,data/parameter_1/1951.csv,2915,1951-01-01T00:00:00Z,1951-12-31T18:00:00Z
1,Lufttemperatur,1952,data/parameter_1/1952.csv,2921,1952-01-01T00:00:00Z,1952-12-31T18:00:00Z
1,Lufttemperatur,1953,data/parameter_1/1953.csv,2907,1953-01-01T00:00:00Z,1953-12-31T18:00:00Z
1,Lufttemperatur,1954,data/parameter_1/1954.csv,2915,1954-01-01T00:00:00Z,1954-12-31T18:00:00Z
1,Lufttemperatur,1955,data/parameter_1/1955.csv,5806,1955-01-01T05:00:00Z,1955-12-31T20:00:00Z
1,Lufttemperatur,1956,data/parameter_1/1956.csv,5850,1956-01-01T05:00:00Z,1956-12-31T20:00:00Z
1,Lufttemperatur,1957,data/parameter_1/1957.csv,6601,1957-01-01T05:00:00Z,1957-12-31T21:00:00Z
1,Lufttemperatur,1958,data/parameter_1/1958.csv,6900,1958-01-01T00:00:00Z,1958-12-31T21:00:00Z
1,Lufttemperatur,1959,data/parameter_1/1959.csv,6923,1959-01-01T00:00:00Z,1959-12-31T21:00:00Z
1,Lufttemperatur,1960,data/parameter_1/1960.csv,6940,1960-01-01T00:00:00Z,1960-12-31T21:00:00Z
1,Lufttemperatur,1961,data/parameter_1/1961.csv,6926,1961-01-01T00:00:00Z,1961-12-31T21:00:00Z
1,Lufttemperatur,1962,data/parameter_1/1962.csv,8745,1962-01-01T00:00:00Z,1962-12-31T20:00:00Z
1,Lufttemperatur,1963,data/parameter_1/1963.csv,8755,1963-01-01T00:00:00Z,1963-12-31T21:00:00Z
1,Lufttemperatur,1964,data/parameter_1/1964.csv,8778,1964-01-01T00:00:00Z,1964-12-31T20:00:00Z
1,Lufttemperatur,1965,data/parameter_1/1965.csv,8754,1965-01-01T00:00:00Z,1965-12-31T20:00:00Z
1,Lufttemperatur,1966,data/parameter_1/1966.csv,8756,1966-01-01T00:00:00Z,1966-12-31T21:00:00Z
1,Lufttemperatur,1967,data/parameter_1/1967.csv,8758,1967-01-01T00:00:00Z,1967-12-31T23:00:00Z
1,Lufttemperatur,1968,data/parameter_1/1968.csv,8782,1968-01-01T00:00:00Z,1968-12-31T23:00:00Z
1,Lufttemperatur,1969,data/parameter_1/1969.csv,8751,1969-01-01T00:00:00Z,1969-12-31T21:00:00Z
1,Lufttemperatur,1970,data/parameter_1/1970.csv,8739,1970-01-01T00:00:00Z,1970-12-31T21:00:00Z
1,Lufttemperatur,1971,data/parameter_1/1971.csv,8742,1971-01-01T00:00:00Z,1971-12-31T21:00:00Z
1,Lufttemperatur,1972,data/parameter_1/1972.csv,8766,1972-01-01T00:00:00Z,1972-12-31T21:00:00Z
1,Lufttemperatur,1973,data/parameter_1/1973.csv,8748,1973-01-01T00:00:00Z,1973-12-31T22:00:00Z
1,Lufttemperatur,1974,data/parameter_1/1974.csv,8756,1974-01-01T00:00:00Z,1974-12-31T23:00:00Z
1,Lufttemperatur,1975,data/parameter_1/1975.csv,8752,1975-01-01T00:00:00Z,1975-12-31T21:00:00Z
1,Lufttemperatur,1976,data/parameter_1/1976.csv,8778,1976-01-01T00:00:00Z,1976-12-31T21:00:00Z
1,Lufttemperatur,1977,data/parameter_1/1977.csv,8736,1977-01-01T00:00:00Z,1977-12-31T21:00:00Z
1,Lufttemperatur,1978,data/parameter_1/1978.csv,8745,1978-01-01T00:00:00Z,1978-12-31T21:00:00Z
1,Lufttemperatur,1979,data/parameter_1/1979.csv,8739,1979-01-01T00:00:00Z,1979-12-31T23:00:00Z
1,Lufttemperatur,1980,data/parameter_1/1980.csv,8764,1980-01-01T00:00:00Z,1980-12-31T23:00:00Z
1,Lufttemperatur,1981,data/parameter_1/1981.csv,8743,1981-01-01T00:00:00Z,1981-12-31T21:00:00Z
1,Lufttemperatur,1982,data/parameter_1/1982.csv,8732,1982-01-01T00:00:00Z,1982-12-31T21:00:00Z
1,Lufttemperatur,1983,data/parameter_1/1983.csv,8732,1983-01-01T00:00:00Z,1983-12-31T23:00:00Z
1,Lufttemperatur,1984,data/parameter_1/1984.csv,8758,1984-01-01T00:00:00Z,1984-12-31T23:00:00Z
1,Lufttemperatur,1985,data/parameter_1/1985.csv,8734,1985-01-01T00:00:00Z,1985-12-31T21:00:00Z
1,Lufttemperatur,1986,data/parameter_1/1986.csv,8738,1986-01-01T00:00:00Z,1986-12-31T21:00:00Z
1,Lufttemperatur,1987,data/parameter_1/1987.csv,8741,1987-01-01T00:00:00Z,1987-12-31T23:00:00Z
1,Lufttemperatur,1988,data/parameter_1/1988.csv,8734,1988-01-01T00:00:00Z,1988-12-31T21:00:00Z
1,Lufttemperatur,1989,data/parameter_1/1989.csv,8728,1989-01-01T00:00:00Z,1989-12-31T21:00:00Z
1,Lufttemperatur,1990,data/parameter_1/1990.csv,8712,1990-01-01T00:00:00Z,1990-12-31T22:00:00Z
1,Lufttemperatur,1991,data/parameter_1/1991.csv,8752,1991-01-01T00:00:00Z,1991-12-31T23:00:00Z
1,Lufttemperatur,1992,data/parameter_1/1992.csv,7570,1992-01-01T00:00:00Z,1992-12-31T23:00:00Z
1,Lufttemperatur,1993,data/parameter_1/1993.csv,8713,1993-01-01T00:00:00Z,1993-12-31T21:00:00Z
1,Lufttemperatur,1994,data/parameter_1/1994.csv,2920,1994-01-01T00:00:00Z,1994-12-31T21:00:00Z
1,Lufttemperatur,1995,data/parameter_1/1995.csv,2920,1995-01-01T00:00:00Z,1995-12-31T21:00:00Z
1,Lufttemperatur,1996,data/parameter_1/1996.csv,2928,1996-01-01T00:00:00Z,1996-12-31T21:00:00Z
1,Lufttemperatur,1997,data/parameter_1/1997.csv,7674,1997-01-01T00:00:00Z,1997-12-31T21:00:00Z
1,Lufttemperatur,1998,data/parameter_1/1998.csv,8397,1998-01-01T00:00:00Z,1998-12-31T21:00:00Z
1,Lufttemperatur,1999,data/parameter_1/1999.csv,8595,1999-01-01T00:00:00Z,1999-12-31T23:00:00Z
1,Lufttemperatur,2000,data/parameter_1/2000.csv,8669,2000-01-01T00:00:00Z,2000-12-31T23:00:00Z
1,Lufttemperatur,2001,data/parameter_1/2001.csv,8643,2001-01-01T00:00:00Z,2001-12-31T23:00:00Z
1,Lufttemperatur,2002,data/parameter_1/2002.csv,8685,2002-01-01T00:00:00Z,2002-12-31T23:00:00Z
1,Lufttemperatur,2003,data/parameter_1/2003.csv,8692,2003-01-01T00:00:00Z,2003-12-31T23:00:00Z
1,Lufttemperatur,2004,data/parameter_1/2004.csv,8660,2004-01-01T00:00:00Z,2004-12-31T23:00:00Z
1,Lufttemperatur,2005,data/parameter_1/2005.csv,8649,2005-01-01T00:00:00Z,2005-12-31T23:00:00Z
1,Lufttemperatur,2006,data/parameter_1/2006.csv,8683,2006-01-01T00:00:00Z,2006-12-31T23:00:00Z
1,Lufttemperatur,2007,data/parameter_1/2007.csv,8670,2007-01-01T00:00:00Z,2007-12-31T23:00:00Z
1,Lufttemperatur,2008,data/parameter_1/2008.csv,8691,2008-01-01T00:00:00Z,2008-12-31T23:00:00Z
1,Lufttemperatur,2009,data/parameter_1/2009.csv,8644,2009-01-01T00:00:00Z,2009-12-31T23:00:00Z
1,Lufttemperatur,2010,data/parameter_1/2010.csv,8692,2010-01-01T00:00:00Z,2010-12-31T23:00:00Z
1,Lufttemperatur,2011,data/parameter_1/2011.csv,8736,2011-01-01T00:00:00Z,2011-12-31T23:00:00Z
1,Lufttemperatur,2012,data/parameter_1/2012.csv,8765,2012-01-01T00:00:00Z,2012-12-31T23:00:00Z
1,Lufttemperatur,2013,data/parameter_1/2013.csv,8756,2013-01-01T00:00:00Z,2013-12-31T23:00:00Z
1,Lufttemperatur,2014,data/parameter_1/2014.csv,8751,2014-01-01T00:00:00Z,2014-12-31T23:00:00Z
1,Lufttemperatur,2015,data/parameter_1/2015.csv,8745,2015-01-01T00:00:00Z,2015-12-31T23:00:00Z
1,Lufttemperatur,2016,data/parameter_1/2016.csv,8765,2016-01-01T00:00:00Z,2016-12-31T23:00:00Z
1,Lufttemperatur,2017,data/parameter_1/2017.csv,8727,2017-01-01T00:00:00Z,2017-12-31T23:00:00Z
1,Lufttemperatur,2018,data/parameter_1/2018.csv,8709,2018-01-01T00:00:00Z,2018-12-31T23:00:00Z
1,Lufttemperatur,2019,data/parameter_1/2019.csv,8717,2019-01-01T00:00:00Z,2019-12-31T23:00:00Z
1,Lufttemperatur,2020,data/parameter_1/2020.csv,8756,2020-01-01T00:00:00Z,2020-12-31T23:00:00Z
1,Lufttemperatur,2021,data/parameter_1/2021.csv,8698,2021-01-01T06:00:00Z,2021-12-31T23:00:00Z
1,Lufttemperatur,2022,data/parameter_1/2022.csv,8734,2022-01-01T00:00:00Z,2022-12-31T23:00:00Z
1,Lufttemperatur,2023,data/parameter_1/2023.csv,8706,2023-01-01T00:00:00Z,2023-12-31T23:00:00Z
1,Lufttemperatur,2024,data/parameter_1/2024.csv,8766,2024-01-01T00:00:00Z,2024-12-31T23:00:00Z
1,Lufttemperatur,2025,data/parameter_1/2025.csv,8739,2025-01-01T00:00:00Z,2025-12-31T23:00:00Z
1,Lufttemperatur,2026,data/parameter_1/2026.csv,6661,2026-01-01T00:00:00Z,2026-10-05T18:00:00Z
10,Solskenstid,1983,data/parameter_10/1983.csv,8760,1983-01-01T00:00:00Z,1983-12-31T23:00:00Z
10,Solskenstid,1984,data/parameter_10/1984.csv,8784,1984-01-01T00:00:00Z,1984-12-31T23:00:00Z
10,Solskenstid,1985,data/parameter_10/1985.csv,8760,1985-01-01T00:00:00Z,1985-12-31T23:00:00Z
10,Solskenstid,1986,data/parameter_10/1986.csv,8760,1986-01-01T00:00:00Z,1986-12-31T23:00:00Z
10,Solskenstid,1987,data/parameter_10/1987.csv,8760,1987-01-01T00:00:00Z,1987-12-31T23:00:00Z
10,Solskenstid,1988,data/parameter_10/1988.csv,8784,1988-01-01T00:00:00Z,1988-12-31T23:00:00Z
10,Solskenstid,1989,data/parameter_10/1989.csv,8760,1989-01-01T00:00:00Z,1989-12-31T23:00:00Z
10,Solskenstid,1990,data/parameter_10/1990.csv,8760,1990-01-01T00:00:00Z,1990-12-31T23:00:00Z
10,Solskenstid,1991,data/parameter_10/1991.csv,8760,1991-01-01T00:00:00Z,1991-12-31T23:00:00Z
10,Solskenstid,1992,data/parameter_10/1992.csv,8784,1992-01-01T00:00:00Z,1992-12-31T23:00:00Z
10,Solskenstid,1993,data/parameter_10/1993.csv,8760,1993-01-01T00:00:00Z,1993-12-31T23:00:00Z
10,Solskenstid,1994,data/parameter_10/1994.csv,8760,1994-01-01T00:00:00Z,1994-12-31T23:00:00Z
10,Solskenstid,1995,data/parameter_10/1995.csv,8760,1995-01-01T00:00:00Z,1995-12-31T23:00:00Z
10,Solskenstid,1996,data/parameter_10/1996.csv,8784,1996-01-01T00:00:00Z,1996-12-31T23:00:00Z
10,Solskenstid,1997,data/parameter_10/1997.csv,8760,1997-01-01T00:00:00Z,1997-12-31T23:00:00Z
10,Solskenstid,1998,data/parameter_10/1998.csv,8760,1998-01-01T00:00:00Z,1998-12-31T23:00:00Z
10,Solskenstid,1999,data/parameter_10/1999.csv,8760,1999-01-01T00:00:00Z,1999-12-31T23:00:00Z
10,Solskenstid,2000,data/parameter_10/2000.csv,8784,2000-01-01T00:00:00Z,2000-12-31T23:00:00Z
10,Solskenstid,2001,data/parameter_10/2001.csv,8760,2001-01-01T00:00:00Z,2001-12-31T23:00:00Z
10,Solskenstid,2002,data/parameter_10/2002.csv,8760,2002-01-01T00:00:00Z,2002-12-31T23:00:00Z
10,Solskenstid,2003,data/parameter_10/2003.csv,8760,2003-01-01T00:00:00Z,2003-12-31T23:00:00Z
10,Solskenstid,2004,data/parameter_10/2004.csv,8784,2004-01-01T00:00:00Z,2004-12-31T23:00:00Z
10,Solskenstid,2005,data/parameter_10/2005.csv,8760,2005-01-01T00:00:00Z,2005-12-31T23:00:00Z
10,Solskenstid,2006,data/parameter_10/2006.csv,8760,2006-01-01T00:00:00Z,2006-12-31T23:00:00Z
10,Solskenstid,2007,data/parameter_10/2007.csv,8760,2007-01-01T00:00:00Z,2007-12-31T23:00:00Z
10,Solskenstid,2008,data/parameter_10/2008.csv,8783,2008-01-01T01:00:00Z,2008-12-31T23:00:00Z
10,Solskenstid,2009,data/parameter_10/2009.csv,8760,2009-01-01T00:00:00Z,2009-12-31T23:00:00Z
10,Solskenstid,2010,data/parameter_10/2010.csv,8760,2010-01-01T00:00:00Z,2010-12-31T23:00:00Z
10,Solskenstid,2011,data/parameter_10/2011.csv,8760,2011-01-01T00:00:00Z,2011-12-31T23:00:00Z
10,Solskenstid,2012,data/parameter_10/2012.csv,8784,2012-01-01T00:00:00Z,2012-12-31T23:00:00Z
10,Solskenstid,2013,data/parameter_10/2013.csv,8760,2013-01-01T00:00:00Z,2013-12-31T23:00:00Z
10,Solskenstid,2014,data/parameter_10/2014.csv,8760,2014-01-01T00:00:00Z,2014-12-31T23:00:00Z
10,Solskenstid,2015,data/parameter_10/2015.csv,8760,2015-01-01T00:00:00Z,2015-12-31T23:00:00Z
10,Solskenstid,2016,data/parameter_10/2016.csv,8784,2016-01-01T00:00:00Z,2016-12-31T23:00:00Z
10,Solskenstid,2017,data/parameter_10/2017.csv,8760,2017-01-01T00:00:00Z,2017-12-31T23:00:00Z
10,Solskenstid,2018,data/parameter_10/2018.csv,8760,2018-01-01T00:00:00Z,2018-12-31T23:00:00Z
10,Solskenstid,2019,data/parameter_10/2019.csv,8760,2019-01-01T00:00:00Z,2019-12-31T23:00:00Z
10,Solskenstid,2020,data/parameter_10/2020.csv,8784,2020-01-01T00:00:00Z,2020-12-31T23:00:00Z
10,Solskenstid,2021,data/parameter_10/2021.csv,8760,2021-01-01T00:00:00Z,2021-12-31T23:00:00Z
10,Solskenstid,2022,data/parameter_10/2022.csv,8760,2022-01-01T00:00:00Z,2022-12-31T23:00:00Z
10,Solskenstid,2023,data/parameter_10/2023.csv,8760,2023-01-01T00:00:00Z,2023-12-31T23:00:00Z
10,Solskenstid,2024,data/parameter_10/2024.csv,8784,2024-01-01T00:00:00Z,2024-12-31T23:00:00Z
10,Solskenstid,2025,data/parameter_10/2025.csv,8760,2025-01-01T00:00:00Z,2025-12-31T23:00:00Z
10,Solskenstid,2026,data/parameter_10/2026.csv,6666,2026-01-01T00:00:00Z,2026-10-05T17:00:00Z
11,Global Irradians (svenska stationer),1983,data/parameter_11/1983.csv,8760,1983-01-01T00:00:00Z,1983-12-31T23:00:00Z
11,Global Irradians (svenska stationer),1984,data/parameter_11/1984.csv,8784,1984-01-01T00:00:00Z,1984-12-31T23:00:00Z
11,Global Irradians (svenska stationer),1985,data/parameter_11/1985.csv,8760,1985-01-01T00:00:00Z,1985-12-31T23:00:00Z
11,Global Irradians (svenska stationer),1986,data/parameter_11/1986.csv,8760,1986-01-01T00:00:00Z,1986-12-31T23:00:00Z
11,Global Irradians (svenska stationer),1987,data/parameter_11/1987.csv,8760,1987-01-01T00:00:00Z,1987-12-31T23:00:00Z
11,Global Irradians (svenska stationer),1988,data/parameter_11/1988.csv,8784,1988-01-01T00:00:00Z,1988-12-31T23:00:00Z
11,Global Irradians (svenska stationer),1989,data/parameter_11/1989.csv,8760,1989-01-01T00:00:00Z,1989-12-31T23:00:00Z
11,Global Irradians (svenska stationer),1990,data/parameter_11/1990.csv,8760,1990-01-01T00:00:00Z,1990-12-31T23:00:00Z
11,Global Irradians (svenska stationer),1991,data/parameter_11/1991.csv,8760,1991-01-01T00:00:00Z,1991-12-31T23:00:00Z
11,Global Irradians (svenska stationer),1992,data/parameter_11/1992.csv,8784,1992-01-01T00:00:00Z,1992-12-31T23:00:00Z
11,Global Irradians (svenska stationer),1993,data/parameter_11/1993.csv,8760,1993-01-01T00:00:00Z,1993-12-31T23:00:00Z
11,Global Irradians (svenska stationer),1994,data/parameter_11/1994.csv,8760,1994-01-01T00:00:00Z,1994-12-31T23:00:00Z
11,Global Irradians (svenska stationer),1995,data/parameter_11/1995.csv,8760,1995-01-01T00:00:00Z,1995-12-31T23:00:00Z
11,Global Irradians (svenska stationer),1996,data/parameter_11/1996.csv,8784,1996-01-01T00:00:00Z,1996-12-31T23:00:00Z
11,Global Irradians (svenska stationer),1997,data/parameter_11/1997.csv,8760,1997-01-01T00:00:00Z,1997-12-31T23:00:00Z
11,Global Irradians (svenska stationer),1998,data/parameter_11/1998.csv,8760,1998-01-01T00:00:00Z,1998-12-31T23:00:00Z
11,Global Irradians (svenska stationer),1999,data/parameter_11/1999.csv,8760,1999-01-01T00:00:00Z,1999-12-31T23:00:00Z
11,Global Irradians (svenska stationer),2000,data/parameter_11/2000.csv,8784,2000-01-01T00:00:00Z,2000-12-31T23:00:00Z
11,Global Irradians (svenska stationer),2001,data/parameter_11/2001.csv,8760,2001-01-01T00:00:00Z,2001-12-31T23:00:00Z
11,Global Irradians (svenska stationer),2002,data/parameter_11/2002.csv,8760,2002-01-01T00:00:00Z,2002-12-31T23:00:00Z
11,Global Irradians (svenska stationer),2003,data/parameter_11/2003.csv,8760,2003-01-01T00:00:00Z,2003-12-31T23:00:00Z
11,Global Irradians (svenska stationer),2004,data/parameter_11/2004.csv,8784,2004-01-01T00:00:00Z,2004-12-31T23:00:00Z
11,Global Irradians (svenska stationer),2005,data/parameter_11/2005.csv,8760,2005-01-01T00:00:00Z,2005-12-31T23:00:00Z
11,Global Irradians (svenska stationer),2006,data/parameter_11/2006.csv,8760,2006-01-01T00:00:00Z,2006-12-31T23:00:00Z
11,Global Irradians (svenska stationer),2007,data/parameter_11/2007.csv,8760,2007-01-01T00:00:00Z,2007-12-31T23:00:00Z
11,Global Irradians (svenska stationer),2008,data/parameter_11/2008.csv,8783,2008-01-01T01:00:00Z,2008-12-31T23:00:00Z
11,Global Irradians (svenska stationer),2009,data/parameter_11/2009.csv,8760,2009-01-01T00:00:00Z,2009-12-31T23:00:00Z
11,Global Irradians (svenska stationer),2010,data/parameter_11/2010.csv,8760,2010-01-01T00:00:00Z,2010-12-31T23:00:00Z
11,Global Irradians (svenska stationer),2011,data/parameter_11/2011.csv,8760,2011-01-01T00:00:00Z,2011-12-31T23:00:00Z
11,Global Irradians (svenska stationer),2012,data/parameter_11/2012.csv,8784,2012-01-01T00:00:00Z,2012-12-31T23:00:00Z
11,Global Irradians (svenska stationer),2013,data/parameter_11/2013.csv,8760,2013-01-01T00:00:00Z,2013-12-31T23:00:00Z
11,Global Irradians (svenska stationer),2014,data/parameter_11/2014.csv,8760,2014-01-01T00:00:00Z,2014-12-31T23:00:00Z
11,Global Irradians (svenska stationer),2015,data/parameter_11/2015.csv,8760,2015-01-01T00:00:00Z,2015-12-31T23:00:00Z
11,Global Irradians (svenska stationer),2016,data/parameter_11/2016.csv,8784,2016-01-01T00:00:00Z,2016-12-31T23:00:00Z
11,Global Irradians (svenska stationer),2017,data/parameter_11/2017.csv,8760,2017-01-01T00:00:00Z,2017-12-31T23:00:00Z
11,Global Irradians (svenska stationer),2018,data/parameter_11/2018.csv,8760,2018-01-01T00:00:00Z,2018-12-31T23:00:00Z
11,Global Irradians (svenska stationer),2019,data/parameter_11/2019.csv,8760,2019-01-01T00:00:00Z,2019-12-31T23:00:00Z
11,Global Irradians (svenska stationer),2020,data/parameter_11/2020.csv,8784,2020-01-01T00:00:00Z,2020-12-31T23:00:00Z
11,Global Irradians (svenska stationer),2021,data/parameter_11/2021.csv,8760,2021-01-01T00:00:00Z,2021-12-31T23:00:00Z
11,Global Irradians (svenska stationer),2022,data/parameter_11/2022.csv,8760,2022-01-01T00:00:00Z,2022-12-31T23:00:00Z
11,Global Irradians (svenska stationer),2023,data/parameter_11/2023.csv,8760,2023-01-01T00:00:00Z,2023-12-31T23:00:00Z
11,Global Irradians (svenska stationer),2024,data/parameter_11/2024.csv,8784,2024-01-01T00:00:00Z,2024-12-31T23:00:00Z
11,Global Irradians (svenska stationer),2025,data/parameter_11/2025.csv,8760,2025-01-01T00:00:00Z,2025-12-31T23:00:00Z
11,Global Irradians (svenska stationer),2026,data/parameter_11/2026.csv,6666,2026-01-01T00:00:00Z,2026-10-05T17:00:00Z
12,Sikt,1942,data/parameter_12/1942.csv,1360,1942-01-09T13:00:00Z,1942-12-31T18:00:00Z
12,Sikt,1943,data/parameter_12/1943.csv,1433,1943-01-01T01:00:00Z,1943-12-31T18:00:00Z
12,Sikt,1944,data/parameter_12/1944.csv,226,1944-03-05T13:00:00Z,1944-12-31T18:00:00Z
12,Sikt,1945,data/parameter_12/1945.csv,1432,1945-01-01T01:00:00Z,1945-12-31T18:00:00Z
12,Sikt,1946,data/parameter_12/1946.csv,1478,1946-01-01T01:00:00Z,1946-12-31T18:00:00Z
12,Sikt,1947,data/parameter_12/1947.csv,1425,1947-01-01T00:00:00Z,1947-12-31T18:00:00Z
12,Sikt,1948,data/parameter_12/1948.csv,1438,1948-01-01T00:00:00Z,1948-12-31T18:00:00Z
12,Sikt,1949,data/parameter_12/1949.csv,2807,1949-01-01T00:00:00Z,1949-12-31T21:00:00Z
12,Sikt,1950,data/parameter_12/1950.csv,2917,1950-01-01T00:00:00Z,1950-12-31T21:00:00Z
12,Sikt,1951,data/parameter_12/1951.csv,2915,1951-01-01T00:00:00Z,1951-12-31T18:00:00Z
12,Sikt,1952,data/parameter_12/1952.csv,2921,1952-01-01T00:00:00Z,1952-12-31T18:00:00Z
12,Sikt,1953,data/parameter_12/1953.csv,2904,1953-01-01T00:00:00Z,1953-12-31T18:00:00Z
12,Sikt,1954,data/parameter_12/1954.csv,2916,1954-01-01T00:00:00Z,1954-12-31T18:00:00Z
12,Sikt,1955,data/parameter_12/1955.csv,6899,1955-01-01T00:00:00Z,1955-12-31T20:00:00Z
12,Sikt,1956,data/parameter_12/1956.csv,6930,1956-01-01T00:00:00Z,1956-12-31T21:00:00Z
12,Sikt,1957,data/parameter_12/1957.csv,6891,1957-01-01T00:00:00Z,1957-12-31T21:00:00Z
12,Sikt,1958,data/parameter_12/1958.csv,6899,1958-01-01T00:00:00Z,1958-12-31T21:00:00Z
12,Sikt,1959,data/parameter_12/1959.csv,6923,1959-01-01T00:00:00Z,1959-12-31T21:00:00Z
12,Sikt,1960,data/parameter_12/1960.csv,6940,1960-01-01T00:00:00Z,1960-12-31T21:00:00Z
12,Sikt,1961,data/parameter_12/1961.csv,6926,1961-01-01T00:00:00Z,1961-12-31T21:00:00Z
12,Sikt,1962,data/parameter_12/1962.csv,8747,1962-01-01T00:00:00Z,1962-12-31T20:00:00Z
12,Sikt,1963,data/parameter_12/1963.csv,8755,1963-01-01T00:00:00Z,1963-12-31T21:00:00Z
12,Sikt,1964,data/parameter_12/1964.csv,8778,1964-01-01T00:00:00Z,1964-12-31T20:00:00Z
12,Sikt,1965,data/parameter_12/1965.csv,8754,1965-01-01T00:00:00Z,1965-12-31T20:00:00Z
12,Sikt,1966,data/parameter_12/1966.csv,8757,1966-01-01T00:00:00Z,1966-12-31T21:00:00Z
12,Sikt,1967,data/parameter_12/1967.csv,8758,1967-01-01T00:00:00Z,1967-12-31T23:00:00Z
12,Sikt,1968,data/parameter_12/1968.csv,8782,1968-01-01T00:00:00Z,1968-12-31T23:00:00Z
12,Sikt,1969,data/parameter_12/1969.csv,8755,1969-01-01T00:00:00Z,1969-12-31T21:00:00Z
12,Sikt,1970,data/parameter_12/1970.csv,8755,1970-01-01T00:00:00Z,1970-12-31T21:00:00Z
12,Sikt,1971,data/parameter_12/1971.csv,8755,1971-01-01T00:00:00Z,1971-12-31T21:00:00Z
12,Sikt,1972,data/parameter_12/1972.csv,8777,1972-01-01T00:00:00Z,1972-12-31T21:00:00Z
12,Sikt,1973,data/parameter_12/1973.csv,8752,1973-01-01T00:00:00Z,1973-12-31T22:00:00Z
12,Sikt,1974,data/parameter_12/1974.csv,8757,1974-01-01T00:00:00Z,1974-12-31T23:00:00Z
12,Sikt,1975,data/parameter_12/1975.csv,8751,1975-01-01T00:00:00Z,1975-12-31T21:00:00Z
12,Sikt,1976,data/parameter_12/1976.csv,8777,1976-01-01T00:00:00Z,1976-12-31T21:00:00Z
12,Sikt,1977,data/parameter_12/1977.csv,8753,1977-01-01T00:00:00Z,1977-12-31T21:00:00Z
12,Sikt,1978,data/parameter_12/1978.csv,8755,1978-01-01T00:00:00Z,1978-12-31T21:00:00Z
12,Sikt,1979,data/parameter_12/1979.csv,8757,1979-01-01T00:00:00Z,1979-12-31T23:00:00Z
12,Sikt,1980,data/parameter_12/1980.csv,8782,1980-01-01T00:00:00Z,1980-12-31T23:00:00Z
12,Sikt,1981,data/parameter_12/1981.csv,8755,1981-01-01T00:00:00Z,1981-12-31T21:00:00Z
12,Sikt,1982,data/parameter_12/1982.csv,8750,1982-01-01T00:00:00Z,1982-12-31T21:00:00Z
12,Sikt,1983,data/parameter_12/1983.csv,8756,1983-01-01T00:00:00Z,1983-12-31T23:00:00Z
12,Sikt,1984,data/parameter_12/1984.csv,8780,1984-01-01T00:00:00Z,1984-12-31T23:00:00Z
12,Sikt,1985,data/parameter_12/1985.csv,8755,1985-01-01T00:00:00Z,1985-12-31T21:00:00Z
12,Sikt,1986,data/parameter_12/1986.csv,8753,1986-01-01T00:00:00Z,1986-12-31T21:00:00Z
12,Sikt,1987,data/parameter_12/1987.csv,8760,1987-01-01T00:00:00Z,1987-12-31T23:00:00Z
12,Sikt,1988,data/parameter_12/1988.csv,8754,1988-01-01T00:00:00Z,1988-12-31T21:00:00Z
12,Sikt,1989,data/parameter_12/1989.csv,8748,1989-01-01T00:00:00Z,1989-12-31T21:00:00Z
12,Sikt,1990,data/parameter_12/1990.csv,8732,1990-01-01T00:00:00Z,1990-12-31T22:00:00Z
12,Sikt,1991,data/parameter_12/1991.csv,8756,1991-01-01T00:00:00Z,1991-12-31T23:00:00Z
12,Sikt,1992,data/parameter_12/1992.csv,7586,1992-01-01T00:00:00Z,1992-12-31T23:00:00Z
12,Sikt,1993,data/parameter_12/1993.csv,8728,1993-01-01T00:00:00Z,1993-12-31T21:00:00Z
12,Sikt,1994,data/parameter_12/1994.csv,2920,1994-01-01T00:00:00Z,1994-12-31T21:00:00Z
12,Sikt,1995,data/parameter_12/1995.csv,2920,1995-01-01T00:00:00Z,1995-12-31T21:00:00Z
12,Sikt,1996,data/parameter_12/1996.csv,2926,1996-01-01T00:00:00Z,1996-12-31T21:00:00Z
12,Sikt,1997,data/parameter_12/1997.csv,7673,1997-01-01T00:00:00Z,1997-12-31T21:00:00Z
12,Sikt,1998,data/parameter_12/1998.csv,8396,1998-01-01T00:00:00Z,1998-12-31T21:00:00Z
12,Sikt,1999,data/parameter_12/1999.csv,8595,1999-01-01T00:00:00Z,1999-12-31T23:00:00Z
12,Sikt,2000,data/parameter_12/2000.csv,8669,2000-01-01T00:00:00Z,2000-12-31T23:00:00Z
12,Sikt,2001,data/parameter_12/2001.csv,8643,2001-01-01T00:00:00Z,2001-12-31T23:00:00Z
12,Sikt,2002,data/parameter_12/2002.csv,8673,2002-01-01T00:00:00Z,2002-12-31T23:00:00Z
12,Sikt,2003,data/parameter_12/2003.csv,8658,2003-01-01T00:00:00Z,2003-12-31T23:00:00Z
12,Sikt,2004,data/parameter_12/2004.csv,8644,2004-01-01T00:00:00Z,2004-12-31T23:00:00Z
12,Sikt,2005,data/parameter_12/2005.csv,8638,2005-01-01T00:00:00Z,2005-12-31T23:00:00Z
12,Sikt,2006,data/parameter_12/2006.csv,8571,2006-01-01T00:00:00Z,2006-12-31T23:00:00Z
12,Sikt,2007,data/parameter_12/2007.csv,8667,2007-01-01T00:00:00Z,2007-12-31T23:00:00Z
12,Sikt,2008,data/parameter_12/2008.csv,8667,2008-01-01T00:00:00Z,2008-12-31T23:00:00Z
12,Sikt,2009,data/parameter_12/2009.csv,8621,2009-01-01T00:00:00Z,2009-12-31T23:00:00Z
12,Sikt,2010,data/parameter_12/2010.csv,8637,2010-01-01T00:00:00Z,2010-12-31T23:00:00Z
12,Sikt,2011,data/parameter_12/2011.csv,8709,2011-01-01T00:00:00Z,2011-12-31T23:00:00Z
12,Sikt,2012,data/parameter_12/2012.csv,8749,2012-01-01T00:00:00Z,2012-12-31T23:00:00Z
12,Sikt,2013,data/parameter_12/2013.csv,8745,2013-01-01T00:00:00Z,2013-12-31T23:00:00Z
12,Sikt,2014,data/parameter_12/2014.csv,8724,2014-01-01T00:00:00Z,2014-12-31T23:00:00Z
12,Sikt,2015,data/parameter_12/2015.csv,8727,2015-01-01T00:00:00Z,2015-12-31T23:00:00Z
12,Sikt,2016,data/parameter_12/2016.csv,8737,2016-01-01T00:00:00Z,2016-12-31T23:00:00Z
12,Sikt,2017,data/parameter_12/2017.csv,8713,2017-01-01T00:00:00Z,2017-12-31T23:00:00Z
12,Sikt,2018,data/parameter_12/2018.csv,8680,2018-01-01T00:00:00Z,2018-12-31T23:00:00Z
12,Sikt,2019,data/parameter_12/2019.csv,8703,2019-01-01T00:00:00Z,2019-12-31T23:00:00Z
12,Sikt,2020,data/parameter_12/2020.csv,8234,2020-01-01T00:00:00Z,2020-12-31T23:00:00Z
12,Sikt,2021,data/parameter_12/2021.csv,7666,2021-01-01T18:00:00Z,2021-12-31T23:00:00Z
12,Sikt,2022,data/parameter_12/2022.csv,7840,2022-01-01T00:00:00Z,2022-12-31T23:00:00Z
12,Sikt,2023,data/parameter_12/2023.csv,8684,2023-01-01T00:00:00Z,2023-12-31T23:00:00Z
12,Sikt,2024,data/parameter_12/2024.csv,8762,2024-01-01T00:00:00Z,2024-12-31T23:00:00Z
12,Sikt,2025,data/parameter_12/2025.csv,7726,2025-01-01T00:00:00Z,2025-12-31T23:00:00Z
12,Sikt,2026,data/parameter_12/2026.csv,6657,2026-01-01T00:00:00Z,2026-10-05T18:00:00Z
13,Rådande väder,1942,data/parameter_13/1942.csv,1360,1942-01-09T13:00:00Z,1942-12-31T18:00:00Z
13,Rådande väder,1943,data/parameter_13/1943.csv,1433,1943-01-01T01:00:00Z,1943-12-31T18:00:00Z
13,Rådande väder,1944,data/parameter_13/1944.csv,226,1944-03-05T13:00:00Z,1944-12-31T18:00:00Z
13,Rådande väder,1945,data/parameter_13/1945.csv,1433,1945-01-01T01:00:00Z,1945-12-31T18:00:00Z
13,Rådande väder,1946,data/parameter_13/1946.csv,1438,1946-01-01T01:00:00Z,1946-12-31T18:00:00Z
13,Rådande väder,1947,data/parameter_13/1947.csv,1424,1947-01-01T00:00:00Z,1947-12-31T18:00:00Z
13,Rådande väder,1948,data/parameter_13/1948.csv,1437,1948-01-01T00:00:00Z,1948-12-31T18:00:00Z
13,Rådande väder,1949,data/parameter_13/1949.csv,2807,1949-01-01T00:00:00Z,1949-12-31T21:00:00Z
13,Rådande väder,1950,data/parameter_13/1950.csv,2917,1950-01-01T00:00:00Z,1950-12-31T21:00:00Z
13,Rådande väder,1951,data/parameter_13/1951.csv,2915,1951-01-01T00:00:00Z,1951-12-31T18:00:00Z
13,Rådande väder,1952,data/parameter_13/1952.csv,2921,1952-01-01T00:00:00Z,1952-12-31T18:00:00Z
13,Rådande väder,1953,data/parameter_13/1953.csv,2903,1953-01-01T00:00:00Z,1953-12-31T18:00:00Z
13,Rådande väder,1954,data/parameter_13/1954.csv,2916,1954-01-01T00:00:00Z,1954-12-31T18:00:00Z
13,Rådande väder,1955,data/parameter_13/1955.csv,6904,1955-01-01T00:00:00Z,1955-12-31T20:00:00Z
13,Rådande väder,1956,data/parameter_13/1956.csv,6934,1956-01-01T00:00:00Z,1956-12-31T21:00:00Z
13,Rådande väder,1957,data/parameter_13/1957.csv,6890,1957-01-01T00:00:00Z,1957-12-31T21:00:00Z
13,Rådande väder,1958,data/parameter_13/1958.csv,6900,1958-01-01T00:00:00Z,1958-12-31T21:00:00Z
13,Rådande väder,1959,data/parameter_13/1959.csv,6923,1959-01-01T00:00:00Z,1959-12-31T21:00:00Z
13,Rådande väder,1960,data/parameter_13/1960.csv,6940,1960-01-01T00:00:00Z,1960-12-31T21:00:00Z
13,Rådande väder,1961,data/parameter_13/1961.csv,6926,1961-01-01T00:00:00Z,1961-12-31T21:00:00Z
13,Rådande väder,1962,data/parameter_13/1962.csv,8747,1962-01-01T00:00:00Z,1962-12-31T20:00:00Z
13,Rådande väder,1963,data/parameter_13/1963.csv,8755,1963-01-01T00:00:00Z,1963-12-31T21:00:00Z
13,Rådande väder,1964,data/parameter_13/1964.csv,8778,1964-01-01T00:00:00Z,1964-12-31T20:00:00Z
13,Rådande väder,1965,data/parameter_13/1965.csv,8754,1965-01-01T00:00:00Z,1965-12-31T20:00:00Z
13,Rådande väder,1966,data/parameter_13/1966.csv,8757,1966-01-01T00:00:00Z,1966-12-31T21:00:00Z
13,Rådande väder,1967,data/parameter_13/1967.csv,8758,1967-01-01T00:00:00Z,1967-12-31T23:00:00Z
13,Rådande väder,1968,data/parameter_13/1968.csv,8782,1968-01-01T00:00:00Z,1968-12-31T23:00:00Z
13,Rådande väder,1969,data/parameter_13/1969.csv,8755,1969-01-01T00:00:00Z,1969-12-31T21:00:00Z
13,Rådande väder,1970,data/parameter_13/1970.csv,8755,1970-01-01T00:00:00Z,1970-12-31T21:00:00Z
13,Rådande väder,1971,data/parameter_13/1971.csv,8755,1971-01-01T00:00:00Z,1971-12-31T21:00:00Z
13,Rådande väder,1972,data/parameter_13/1972.csv,8778,1972-01-01T00:00:00Z,1972-12-31T21:00:00Z
13,Rådande väder,1973,data/parameter_13/1973.csv,8752,1973-01-01T00:00:00Z,1973-12-31T22:00:00Z
13,Rådande väder,1974,data/parameter_13/1974.csv,8757,1974-01-01T00:00:00Z,1974-12-31T23:00:00Z
13,Rådande väder,1975,data/parameter_13/1975.csv,8752,1975-01-01T00:00:00Z,1975-12-31T21:00:00Z
13,Rådande väder,1976,data/parameter_13/1976.csv,8746,1976-01-01T00:00:00Z,1976-12-31T21:00:00Z
13,Rådande väder,1977,data/parameter_13/1977.csv,8694,1977-01-01T00:00:00Z,1977-12-31T21:00:00Z
13,Rådande väder,1978,data/parameter_13/1978.csv,8729,1978-01-01T00:00:00Z,1978-12-31T21:00:00Z
13,Rådande väder,1979,data/parameter_13/1979.csv,8727,1979-01-01T00:00:00Z,1979-12-31T23:00:00Z
13,Rådande väder,1980,data/parameter_13/1980.csv,8773,1980-01-01T00:00:00Z,1980-12-31T23:00:00Z
13,Rådande väder,1981,data/parameter_13/1981.csv,8746,1981-01-01T00:00:00Z,1981-12-31T21:00:00Z
13,Rådande väder,1982,data/parameter_13/1982.csv,8742,1982-01-01T00:00:00Z,1982-12-31T21:00:00Z
13,Rådande väder,1983,data/parameter_13/1983.csv,8749,1983-01-01T00:00:00Z,1983-12-31T23:00:00Z
13,Rådande väder,1984,data/parameter_13/1984.csv,8773,1984-01-01T00:00:00Z,1984-12-31T23:00:00Z
13,Rådande väder,1985,data/parameter_13/1985.csv,8619,1985-01-01T00:00:00Z,1985-12-31T21:00:00Z
13,Rådande väder,1986,data/parameter_13/1986.csv,8750,1986-01-01T00:00:00Z,1986-12-31T21:00:00Z
13,Rådande väder,1987,data/parameter_13/1987.csv,8756,1987-01-01T00:00:00Z,1987-12-31T23:00:00Z
13,Rådande väder,1988,data/parameter_13/1988.csv,8742,1988-01-01T00:00:00Z,1988-12-31T21:00:00Z
13,Rådande väder,1989,data/parameter_13/1989.csv,8747,1989-01-01T00:00:00Z,1989-12-31T21:00:00Z
13,Rådande väder,1990,data/parameter_13/1990.csv,8713,1990-01-01T00:00:00Z,1990-12-31T22:00:00Z
13,Rådande väder,1991,data/parameter_13/1991.csv,8716,1991-01-01T00:00:00Z,1991-12-31T23:00:00Z
13,Rådande väder,1992,data/parameter_13/1992.csv,4686,1992-01-01T00:00:00Z,1992-12-31T21:00:00Z
13,Rådande väder,1993,data/parameter_13/1993.csv,4796,1993-01-01T00:00:00Z,1993-12-31T21:00:00Z
13,Rådande väder,1994,data/parameter_13/1994.csv,2878,1994-01-01T00:00:00Z,1994-12-31T21:00:00Z
13,Rådande väder,1995,data/parameter_13/1995.csv,2897,1995-01-01T00:00:00Z,1995-12-31T21:00:00Z
13,Rådande väder,1996,data/parameter_13/1996.csv,2855,1996-01-01T00:00:00Z,1996-12-31T21:00:00Z
13,Rådande väder,1997,data/parameter_13/1997.csv,7605,1997-01-01T03:00:00Z,1997-12-31T21:00:00Z
13,Rådande väder,1998,data/parameter_13/1998.csv,8375,1998-01-01T00:00:00Z,1998-12-31T21:00:00Z
13,Rådande väder,1999,data/parameter_13/1999.csv,8584,1999-01-01T00:00:00Z,1999-12-31T23:00:00Z
13,Rådande väder,2000,data/parameter_13/2000.csv,8664,2000-01-01T00:00:00Z,2000-12-31T23:00:00Z
13,Rådande väder,2001,data/parameter_13/2001.csv,8636,2001-01-01T00:00:00Z,2001-12-31T23:00:00Z
13,Rådande väder,2002,data/parameter_13/2002.csv,8665,2002-01-01T00:00:00Z,2002-12-31T23:00:00Z
13,Rådande väder,2003,data/parameter_13/2003.csv,8655,2003-01-01T00:00:00Z,2003-12-31T23:00:00Z
13,Rådande väder,2004,data/parameter_13/2004.csv,8636,2004-01-01T00:00:00Z,2004-12-31T23:00:00Z
13,Rådande väder,2005,data/parameter_13/2005.csv,8632,2005-01-01T00:00:00Z,2005-12-31T23:00:00Z
13,Rådande väder,2006,data/parameter_13/2006.csv,8562,2006-01-01T00:00:00Z,2006-12-31T23:00:00Z
13,Rådande väder,2007,data/parameter_13/2007.csv,8665,2007-01-01T00:00:00Z,2007-12-31T23:00:00Z
13,Rådande väder,2008,data/parameter_13/2008.csv,8663,2008-01-01T00:00:00Z,2008-12-31T23:00:00Z
13,Rådande väder,2009,data/parameter_13/2009.csv,8612,2009-01-01T00:00:00Z,2009-12-31T23:00:00Z
13,Rådande väder,2010,data/parameter_13/2010.csv,8626,2010-01-01T00:00:00Z,2010-12-31T23:00:00Z
13,Rådande väder,2011,data/parameter_13/2011.csv,8681,2011-01-01T00:00:00Z,2011-12-31T23:00:00Z
13,Rådande väder,2012,data/parameter_13/2012.csv,6389,2012-01-01T00:00:00Z,2012-12-31T23:00:00Z
13,Rådande väder,2013,data/parameter_13/2013.csv,5235,2013-05-27T12:00:00Z,2013-12-31T23:00:00Z
13,Rådande väder,2014,data/parameter_13/2014.csv,8627,2014-01-01T00:00:00Z,2014-12-31T23:00:00Z
13,Rådande väder,2015,data/parameter_13/2015.csv,8538,2015-01-01T00:00:00Z,2015-12-31T22:00:00Z
13,Rådande väder,2016,data/parameter_13/2016.csv,8405,2016-01-01T00:00:00Z,2016-12-31T23:00:00Z
13,Rådande väder,2017,data/parameter_13/2017.csv,8418,2017-01-01T00:00:00Z,2017-12-31T23:00:00Z
13,Rådande väder,2018,data/parameter_13/2018.csv,8438,2018-01-01T00:00:00Z,2018-12-31T23:00:00Z
13,Rådande väder,2019,data/parameter_13/2019.csv,8584,2019-01-01T00:00:00Z,2019-12-31T23:00:00Z
13,Rådande väder,2020,data/parameter_13/2020.csv,8714,2020-01-01T00:00:00Z,2020-12-31T23:00:00Z
13,Rådande väder,2021,data/parameter_13/2021.csv,8655,2021-01-01T18:00:00Z,2021-12-31T23:00:00Z
13,Rådande väder,2022,data/parameter_13/2022.csv,8688,2022-01-01T00:00:00Z,2022-12-31T23:00:00Z
13,Rådande väder,2023,data/parameter_13/2023.csv,8635,2023-01-01T00:00:00Z,2023-12-31T23:00:00Z
13,Rådande väder,2024,data/parameter_13/2024.csv,8742,2024-01-01T00:00:00Z,2024-12-31T23:00:00Z
13,Rådande väder,2025,data/parameter_13/2025.csv,8690,2025-01-01T00:00:00Z,2025-12-31T23:00:00Z
13,Rådande väder,2026,data/parameter_13/2026.csv,6605,2026-01-01T00:00:00Z,2026-10-05T18:00:00Z
16,Total molnmängd,1942,data/parameter_16/1942.csv,1360,1942-01-09T13:00:00Z,1942-12-31T18:00:00Z
16,Total molnmängd,1943,data/parameter_16/1943.csv,1433,1943-01-01T01:00:00Z,1943-12-31T18:00:00Z
16,Total molnmängd,1944,data/parameter_16/1944.csv,226,1944-03-05T13:00:00Z,1944-12-31T18:00:00Z
16,Total molnmängd,1945,data/parameter_16/1945.csv,1433,1945-01-01T01:00:00Z,1945-12-31T18:00:00Z
16,Total molnmängd,1946,data/parameter_16/1946.csv,1478,1946-01-01T01:00:00Z,1946-12-31T18:00:00Z
16,Total molnmängd,1947,data/parameter_16/1947.csv,1425,1947-01-01T00:00:00Z,1947-12-31T18:00:00Z
16,Total molnmängd,1948,data/parameter_16/1948.csv,1438,1948-01-01T00:00:00Z,1948-12-31T18:00:00Z
16,Total molnmängd,1949,data/parameter_16/1949.csv,2807,1949-01-01T00:00:00Z,1949-12-31T21:00:00Z
16,Total molnmängd,1950,data/parameter_16/1950.csv,2917,1950-01-01T00:00:00Z,1950-12-31T21:00:00Z
16,Total molnmängd,1951,data/parameter_16/1951.csv,2915,1951-01-01T00:00:00Z,1951-12-31T18:00:00Z
16,Total molnmängd,1952,data/parameter_16/1952.csv,2923,1952-01-01T00:00:00Z,1952-12-31T18:00:00Z
16,Total molnmängd,1953,data/parameter_16/1953.csv,2905,1953-01-01T00:00:00Z,1953-12-31T18:00:00Z
16,Total molnmängd,1954,data/parameter_16/1954.csv,2916,1954-01-01T00:00:00Z,1954-12-31T18:00:00Z
16,Total molnmängd,1955,data/parameter_16/1955.csv,6904,1955-01-01T00:00:00Z,1955-12-31T20:00:00Z
16,Total molnmängd,1956,data/parameter_16/1956.csv,6934,1956-01-01T00:00:00Z,1956-12-31T21:00:00Z
16,Total molnmängd,1957,data/parameter_16/1957.csv,6891,1957-01-01T00:00:00Z,1957-12-31T21:00:00Z
16,Total molnmängd,1958,data/parameter_16/1958.csv,6900,1958-01-01T00:00:00Z,1958-12-31T21:00:00Z
16,Total molnmängd,1959,data/parameter_16/1959.csv,6923,1959-01-01T00:00:00Z,1959-12-31T21:00:00Z
16,Total molnmängd,1960,data/parameter_16/1960.csv,6940,1960-01-01T00:00:00Z,1960-12-31T21:00:00Z
16,Total molnmängd,1961,data/parameter_16/1961.csv,6926,1961-01-01T00:00:00Z,1961-12-31T21:00:00Z
16,Total molnmängd,1962,data/parameter_16/1962.csv,8747,1962-01-01T00:00:00Z,1962-12-31T20:00:00Z
16,Total molnmängd,1963,data/parameter_16/1963.csv,8755,1963-01-01T00:00:00Z,1963-12-31T21:00:00Z
16,Total molnmängd,1964,data/parameter_16/1964.csv,8778,1964-01-01T00:00:00Z,1964-12-31T20:00:00Z
16,Total molnmängd,1965,data/parameter_16/1965.csv,8754,1965-01-01T00:00:00Z,1965-12-31T20:00:00Z
16,Total molnmängd,1966,data/parameter_16/1966.csv,8757,1966-01-01T00:00:00Z,1966-12-31T21:00:00Z
16,Total molnmängd,1967,data/parameter_16/1967.csv,8758,1967-01-01T00:00:00Z,1967-12-31T23:00:00Z
16,Total molnmängd,1968,data/parameter_16/1968.csv,8782,1968-01-01T00:00:00Z,1968-12-31T23:00:00Z
16,Total molnmängd,1969,data/parameter_16/1969.csv,8755,1969-01-01T00:00:00Z,1969-12-31T21:00:00Z
16,Total molnmängd,1970,data/parameter_16/1970.csv,8755,1970-01-01T00:00:00Z,1970-12-31T21:00:00Z
16,Total molnmängd,1971,data/parameter_16/1971.csv,8755,1971-01-01T00:00:00Z,1971-12-31T21:00:00Z
16,Total molnmängd,1972,data/parameter_16/1972.csv,8778,1972-01-01T00:00:00Z,1972-12-31T21:00:00Z
16,Total molnmängd,1973,data/parameter_16/1973.csv,8752,1973-01-01T00:00:00Z,1973-12-31T22:00:00Z
16,Total molnmängd,1974,data/parameter_16/1974.csv,8757,1974-01-01T00:00:00Z,1974-12-31T23:00:00Z
16,Total molnmängd,1975,data/parameter_16/1975.csv,8752,1975-01-01T00:00:00Z,1975-12-31T21:00:00Z
16,Total molnmängd,1976,data/parameter_16/1976.csv,8778,1976-01-01T00:00:00Z,1976-12-31T21:00:00Z
16,Total molnmängd,1977,data/parameter_16/1977.csv,8753,1977-01-01T00:00:00Z,1977-12-31T21:00:00Z
16,Total molnmängd,1978,data/parameter_16/1978.csv,8756,1978-01-01T00:00:00Z,1978-12-31T21:00:00Z
16,Total molnmängd,1979,data/parameter_16/1979.csv,8758,1979-01-01T00:00:00Z,1979-12-31T23:00:00Z
16,Total molnmängd,1980,data/parameter_16/1980.csv,8784,1980-01-01T00:00:00Z,1980-12-31T23:00:00Z
16,Total molnmängd,1981,data/parameter_16/1981.csv,8757,1981-01-01T00:00:00Z,1981-12-31T21:00:00Z
16,Total molnmängd,1982,data/parameter_16/1982.csv,8751,1982-01-01T00:00:00Z,1982-12-31T21:00:00Z
16,Total molnmängd,1983,data/parameter_16/1983.csv,8758,1983-01-01T00:00:00Z,1983-12-31T23:00:00Z
16,Total molnmängd,1984,data/parameter_16/1984.csv,8784,1984-01-01T00:00:00Z,1984-12-31T23:00:00Z
16,Total molnmängd,1985,data/parameter_16/1985.csv,8756,1985-01-01T00:00:00Z,1985-12-31T21:00:00Z
16,Total molnmängd,1986,data/parameter_16/1986.csv,8754,1986-01-01T00:00:00Z,1986-12-31T21:00:00Z
16,Total molnmängd,1987,data/parameter_16/1987.csv,8759,1987-01-01T00:00:00Z,1987-12-31T23:00:00Z
16,Total molnmängd,1988,data/parameter_16/1988.csv,8754,1988-01-01T00:00:00Z,1988-12-31T21:00:00Z
16,Total molnmängd,1989,data/parameter_16/1989.csv,8748,1989-01-01T00:00:00Z,1989-12-31T21:00:00Z
16,Total molnmängd,1990,data/parameter_16/1990.csv,8732,1990-01-01T00:00:00Z,1990-12-31T22:00:00Z
16,Total molnmängd,1991,data/parameter_16/1991.csv,8757,1991-01-01T00:00:00Z,1991-12-31T23:00:00Z
16,Total molnmängd,1992,data/parameter_16/1992.csv,7586,1992-01-01T00:00:00Z,1992-12-31T23:00:00Z
16,Total molnmängd,1993,data/parameter_16/1993.csv,8729,1993-01-01T00:00:00Z,1993-12-31T21:00:00Z
16,Total molnmängd,1994,data/parameter_16/1994.csv,2920,1994-01-01T00:00:00Z,1994-12-31T21:00:00Z
16,Total molnmängd,1995,data/parameter_16/1995.csv,2920,1995-01-01T00:00:00Z,1995-12-31T21:00:00Z
16,Total molnmängd,1996,data/parameter_16/1996.csv,2926,1996-01-01T00:00:00Z,1996-12-31T21:00:00Z
16,Total molnmängd,1997,data/parameter_16/1997.csv,7669,1997-01-01T00:00:00Z,1997-12-31T21:00:00Z
16,Total molnmängd,1998,data/parameter_16/1998.csv,8387,1998-01-01T00:00:00Z,1998-12-31T21:00:00Z
16,Total molnmängd,1999,data/parameter_16/1999.csv,8583,1999-01-01T00:00:00Z,1999-12-31T23:00:00Z
16,Total molnmängd,2000,data/parameter_16/2000.csv,8660,2000-01-01T00:00:00Z,2000-12-31T23:00:00Z
16,Total molnmängd,2001,data/parameter_16/2001.csv,8642,2001-01-01T00:00:00Z,2001-12-31T23:00:00Z
16,Total molnmängd,2002,data/parameter_16/2002.csv,4984,2002-01-01T00:00:00Z,2002-12-18T13:00:00Z
16,Total molnmängd,2003,data/parameter_16/2003.csv,2151,2003-01-07T06:00:00Z,2003-12-19T11:00:00Z
16,Total molnmängd,2004,data/parameter_16/2004.csv,2213,2004-01-07T06:00:00Z,2004-12-16T15:00:00Z
16,Total molnmängd,2005,data/parameter_16/2005.csv,4217,2005-01-10T03:00:00Z,2005-12-31T21:00:00Z
16,Total molnmängd,2006,data/parameter_16/2006.csv,4396,2006-01-01T00:00:00Z,2006-12-31T21:00:00Z
16,Total molnmängd,2007,data/parameter_16/2007.csv,4519,2007-01-01T00:00:00Z,2007-12-31T21:00:00Z
16,Total molnmängd,2008,data/parameter_16/2008.csv,4337,2008-01-01T00:00:00Z,2008-12-31T21:00:00Z
16,Total molnmängd,2009,data/parameter_16/2009.csv,4406,2009-01-01T00:00:00Z,2009-12-31T21:00:00Z
16,Total molnmängd,2010,data/parameter_16/2010.csv,6110,2010-01-01T00:00:00Z,2010-12-31T23:00:00Z
16,Total molnmängd,2011,data/parameter_16/2011.csv,8673,2011-01-01T00:00:00Z,2011-12-31T23:00:00Z
16,Total molnmängd,2012,data/parameter_16/2012.csv,8722,2012-01-01T00:00:00Z,2012-12-31T23:00:00Z
16,Total molnmängd,2013,data/parameter_16/2013.csv,8744,2013-01-01T00:00:00Z,2013-12-31T23:00:00Z
16,Total molnmängd,2014,data/parameter_16/2014.csv,8719,2014-01-01T00:00:00Z,2014-12-31T23:00:00Z
16,Total molnmängd,2015,data/parameter_16/2015.csv,8704,2015-01-01T00:00:00Z,2015-12-31T23:00:00Z
16,Total molnmängd,2016,data/parameter_16/2016.csv,8640,2016-01-01T00:00:00Z,2016-12-31T23:00:00Z
16,Total molnmängd,2017,data/parameter_16/2017.csv,8600,2017-01-01T00:00:00Z,2017-12-31T23:00:00Z
16,Total molnmängd,2018,data/parameter_16/2018.csv,8373,2018-01-01T00:00:00Z,2018-12-31T23:00:00Z
16,Total molnmängd,2019,data/parameter_16/2019.csv,7609,2019-01-01T00:00:00Z,2019-12-31T23:00:00Z
16,Total molnmängd,2020,data/parameter_16/2020.csv,6653,2020-01-01T00:00:00Z,2020-12-31T23:00:00Z
16,Total molnmängd,2021,data/parameter_16/2021.csv,6706,2021-01-01T20:00:00Z,2021-12-31T23:00:00Z
16,Total molnmängd,2022,data/parameter_16/2022.csv,7599,2022-01-01T00:00:00Z,2022-12-31T23:00:00Z
16,Total molnmängd,2023,data/parameter_16/2023.csv,8657,2023-01-01T00:00:00Z,2023-12-31T23:00:00Z
16,Total molnmängd,2024,data/parameter_16/2024.csv,8737,2024-01-01T00:00:00Z,2024-12-31T23:00:00Z
16,Total molnmängd,2025,data/parameter_16/2025.csv,8693,2025-01-01T00:00:00Z,2025-12-31T23:00:00Z
16,Total molnmängd,2026,data/parameter_16/2026.csv,6618,2026-01-01T00:00:00Z,2026-10-05T18:00:00Z
21,Byvind,2013,data/parameter_21/2013.csv,6577,2013-01-01T00:00:00Z,2013-10-02T10:00:00Z
21,Byvind,2016,data/parameter_21/2016.csv,7163,2016-03-07T16:00:00Z,2016-12-31T23:00:00Z
21,Byvind,2017,data/parameter_21/2017.csv,8719,2017-01-01T00:00:00Z,2017-12-31T23:00:00Z
21,Byvind,2018,data/parameter_21/2018.csv,8687,2018-01-01T00:00:00Z,2018-12-31T23:00:00Z
21,Byvind,2019,data/parameter_21/2019.csv,7699,2019-01-01T00:00:00Z,2019-12-31T23:00:00Z
21,Byvind,2020,data/parameter_21/2020.csv,8748,2020-01-01T00:00:00Z,2020-12-31T23:00:00Z
21,Byvind,2021,data/parameter_21/2021.csv,8238,2021-01-01T18:00:00Z,2021-12-31T22:00:00Z
21,Byvind,2022,data/parameter_21/2022.csv,4923,2022-01-01T00:00:00Z,2022-12-31T23:00:00Z
21,Byvind,2023,data/parameter_21/2023.csv,4838,2023-01-01T00:00:00Z,2023-12-31T22:00:00Z
21,Byvind,2024,data/parameter_21/2024.csv,7874,2024-01-01T00:00:00Z,2024-12-31T23:00:00Z
21,Byvind,2025,data/parameter_21/2025.csv,8708,2025-01-01T00:00:00Z,2025-12-31T23:00:00Z
21,Byvind,2026,data/parameter_21/2026.csv,6656,2026-01-01T00:00:00Z,2026-10-05T18:00:00Z
3,Vindriktning,1942,data/parameter_3/1942.csv,1360,1942-01-09T13:00:00Z,1942-12-31T18:00:00Z
3,Vindriktning,1943,data/parameter_3/1943.csv,1433,1943-01-01T01:00:00Z,1943-12-31T18:00:00Z
3,Vindriktning,1944,data/parameter_3/1944.csv,226,1944-03-05T13:00:00Z,1944-12-31T18:00:00Z
3,Vindriktning,1945,data/parameter_3/1945.csv,1433,1945-01-01T01:00:00Z,1945-12-31T18:00:00Z
3,Vindriktning,1946,data/parameter_3/1946.csv,1473,1946-01-01T01:00:00Z,1946-12-31T18:00:00Z
3,Vindriktning,1947,data/parameter_3/1947.csv,1424,1947-01-01T00:00:00Z,1947-12-31T18:00:00Z
3,Vindriktning,1948,data/parameter_3/1948.csv,1438,1948-01-01T00:00:00Z,1948-12-31T18:00:00Z
3,Vindriktning,1949,data/parameter_3/1949.csv,2807,1949-01-01T00:00:00Z,1949-12-31T21:00:00Z
3,Vindriktning,1950,data/parameter_3/1950.csv,2917,1950-01-01T00:00:00Z,1950-12-31T21:00:00Z
3,Vindriktning,1951,data/parameter_3/1951.csv,2915,1951-01-01T00:00:00Z,1951-12-31T18:00:00Z
3,Vindriktning,1952,data/parameter_3/1952.csv,2921,1952-01-01T00:00:00Z,1952-12-31T18:00:00Z
3,Vindriktning,1953,data/parameter_3/1953.csv,2903,1953-01-01T00:00:00Z,1953-12-31T18:00:00Z
3,Vindriktning,1954,data/parameter_3/1954.csv,2916,1954-01-01T00:00:00Z,1954-12-31T18:00:00Z
3,Vindriktning,1955,data/parameter_3/1955.csv,6904,1955-01-01T00:00:00Z,1955-12-31T20:00:00Z
3,Vindriktning,1956,data/parameter_3/1956.csv,6934,1956-01-01T00:00:00Z,1956-12-31T21:00:00Z
3,Vindriktning,1957,data/parameter_3/1957.csv,6891,1957-01-01T00:00:00Z,1957-12-31T21:00:00Z
3,Vindriktning,1958,data/parameter_3/1958.csv,6900,1958-01-01T00:00:00Z,1958-12-31T21:00:00Z
3,Vindriktning,1959,data/parameter_3/1959.csv,6923,1959-01-01T00:00:00Z,1959-12-31T21:00:00Z
3,Vindriktning,1960,data/parameter_3/1960.csv,6929,1960-01-01T00:00:00Z,1960-12-31T21:00:00Z
3,Vindriktning,1961,data/parameter_3/1961.csv,6926,1961-01-01T00:00:00Z,1961-12-31T21:00:00Z
3,Vindriktning,1962,data/parameter_3/1962.csv,8747,1962-01-01T00:00:00Z,1962-12-31T20:00:00Z
3,Vindriktning,1963,data/parameter_3/1963.csv,8755,1963-01-01T00:00:00Z,1963-12-31T21:00:00Z
3,Vindriktning,1964,data/parameter_3/1964.csv,8777,1964-01-01T00:00:00Z,1964-12-31T20:00:00Z
3,Vindriktning,1965,data/parameter_3/1965.csv,8754,1965-01-01T00:00:00Z,1965-12-31T20:00:00Z
3,Vindriktning,1966,data/parameter_3/1966.csv,8755,1966-01-01T00:00:00Z,1966-12-31T21:00:00Z
3,Vindriktning,1967,data/parameter_3/1967.csv,8756,1967-01-01T00:00:00Z,1967-12-31T23:00:00Z
3,Vindriktning,1968,data/parameter_3/1968.csv,8780,1968-01-01T00:00:00Z,1968-12-31T23:00:00Z
3,Vindriktning,1969,data/parameter_3/1969.csv,8754,1969-01-01T00:00:00Z,1969-12-31T21:00:00Z
3,Vindriktning,1970,data/parameter_3/1970.csv,8755,1970-01-01T00:00:00Z,1970-12-31T21:00:00Z
3,Vindriktning,1971,data/parameter_3/1971.csv,8755,1971-01-01T00:00:00Z,1971-12-31T21:00:00Z
3,Vindriktning,1972,data/parameter_3/1972.csv,8778,1972-01-01T00:00:00Z,1972-12-31T21:00:00Z
3,Vindriktning,1973,data/parameter_3/1973.csv,8752,1973-01-01T00:00:00Z,1973-12-31T22:00:00Z
3,Vindriktning,1974,data/parameter_3/1974.csv,8757,1974-01-01T00:00:00Z,1974-12-31T23:00:00Z
3,Vindriktning,1975,data/parameter_3/1975.csv,8752,1975-01-01T00:00:00Z,1975-12-31T21:00:00Z
3,Vindriktning,1976,data/parameter_3/1976.csv,8776,1976-01-01T00:00:00Z,1976-12-31T21:00:00Z
3,Vindriktning,1977,data/parameter_3/1977.csv,8747,1977-01-01T00:00:00Z,1977-12-31T21:00:00Z
3,Vindriktning,1978,data/parameter_3/1978.csv,8752,1978-01-01T00:00:00Z,1978-12-31T21:00:00Z
3,Vindriktning,1979,data/parameter_3/1979.csv,8752,1979-01-01T00:00:00Z,1979-12-31T23:00:00Z
3,Vindriktning,1980,data/parameter_3/1980.csv,8783,1980-01-01T00:00:00Z,1980-12-31T23:00:00Z
3,Vindriktning,1981,data/parameter_3/1981.csv,8756,1981-01-01T00:00:00Z,1981-12-31T21:00:00Z
3,Vindriktning,1982,data/parameter_3/1982.csv,8751,1982-01-01T00:00:00Z,1982-12-31T21:00:00Z
3,Vindriktning,1983,data/parameter_3/1983.csv,8757,1983-01-01T00:00:00Z,1983-12-31T23:00:00Z
3,Vindriktning,1984,data/parameter_3/1984.csv,8783,1984-01-01T00:00:00Z,1984-12-31T23:00:00Z
3,Vindriktning,1985,data/parameter_3/1985.csv,8755,1985-01-01T00:00:00Z,1985-12-31T21:00:00Z
3,Vindriktning,1986,data/parameter_3/1986.csv,8745,1986-01-01T00:00:00Z,1986-12-31T21:00:00Z
3,Vindriktning,1987,data/parameter_3/1987.csv,8760,1987-01-01T00:00:00Z,1987-12-31T23:00:00Z
3,Vindriktning,1988,data/parameter_3/1988.csv,8754,1988-01-01T00:00:00Z,1988-12-31T21:00:00Z
3,Vindriktning,1989,data/parameter_3/1989.csv,8748,1989-01-01T00:00:00Z,1989-12-31T21:00:00Z
3,Vindriktning,1990,data/parameter_3/1990.csv,8732,1990-01-01T00:00:00Z,1990-12-31T22:00:00Z
3,Vindriktning,1991,data/parameter_3/1991.csv,8756,1991-01-01T00:00:00Z,1991-12-31T23:00:00Z
3,Vindriktning,1992,data/parameter_3/1992.csv,7586,1992-01-01T00:00:00Z,1992-12-31T23:00:00Z
3,Vindriktning,1993,data/parameter_3/1993.csv,8729,1993-01-01T00:00:00Z,1993-12-31T21:00:00Z
3,Vindriktning,1994,data/parameter_3/1994.csv,2920,1994-01-01T00:00:00Z,1994-12-31T21:00:00Z
3,Vindriktning,1995,data/parameter_3/1995.csv,2920,1995-01-01T00:00:00Z,1995-12-31T21:00:00Z
3,Vindriktning,1996,data/parameter_3/1996.csv,2928,1996-01-01T00:00:00Z,1996-12-31T21:00:00Z
3,Vindriktning,1997,data/parameter_3/1997.csv,7670,1997-01-01T00:00:00Z,1997-12-31T21:00:00Z
3,Vindriktning,1998,data/parameter_3/1998.csv,8396,1998-01-01T00:00:00Z,1998-12-31T21:00:00Z
3,Vindriktning,1999,data/parameter_3/1999.csv,8595,1999-01-01T00:00:00Z,1999-12-31T23:00:00Z
3,Vindriktning,2000,data/parameter_3/2000.csv,8669,2000-01-01T00:00:00Z,2000-12-31T23:00:00Z
3,Vindriktning,2001,data/parameter_3/2001.csv,8643,2001-01-01T00:00:00Z,2001-12-31T23:00:00Z
3,Vindriktning,2002,data/parameter_3/2002.csv,8638,2002-01-01T00:00:00Z,2002-12-31T23:00:00Z
3,Vindriktning,2003,data/parameter_3/2003.csv,8611,2003-01-01T00:00:00Z,2003-12-31T23:00:00Z
3,Vindriktning,2004,data/parameter_3/2004.csv,8584,2004-01-01T00:00:00Z,2004-12-31T23:00:00Z
3,Vindriktning,2005,data/parameter_3/2005.csv,8628,2005-01-01T00:00:00Z,2005-12-31T23:00:00Z
3,Vindriktning,2006,data/parameter_3/2006.csv,8606,2006-01-01T00:00:00Z,2006-12-31T23:00:00Z
3,Vindriktning,2007,data/parameter_3/2007.csv,8655,2007-01-01T00:00:00Z,2007-12-31T23:00:00Z
3,Vindriktning,2008,data/parameter_3/2008.csv,8626,2008-01-01T00:00:00Z,2008-12-31T23:00:00Z
3,Vindriktning,2009,data/parameter_3/2009.csv,8220,2009-01-01T00:00:00Z,2009-12-31T23:00:00Z
3,Vindriktning,2010,data/parameter_3/2010.csv,8649,2010-01-01T00:00:00Z,2010-12-31T23:00:00Z
3,Vindriktning,2011,data/parameter_3/2011.csv,8709,2011-01-01T00:00:00Z,2011-12-31T23:00:00Z
3,Vindriktning,2012,data/parameter_3/2012.csv,8756,2012-01-01T00:00:00Z,2012-12-31T23:00:00Z
3,Vindriktning,2013,data/parameter_3/2013.csv,8745,2013-01-01T00:00:00Z,2013-12-31T23:00:00Z
3,Vindriktning,2014,data/parameter_3/2014.csv,8726,2014-01-01T00:00:00Z,2014-12-31T23:00:00Z
3,Vindriktning,2015,data/parameter_3/2015.csv,8736,2015-01-01T00:00:00Z,2015-12-31T23:00:00Z
3,Vindriktning,2016,data/parameter_3/2016.csv,8756,2016-01-01T00:00:00Z,2016-12-31T23:00:00Z
3,Vindriktning,2017,data/parameter_3/2017.csv,8718,2017-01-01T00:00:00Z,2017-12-31T23:00:00Z
3,Vindriktning,2018,data/parameter_3/2018.csv,8690,2018-01-01T00:00:00Z,2018-12-31T23:00:00Z
3,Vindriktning,2019,data/parameter_3/2019.csv,8712,2019-01-01T00:00:00Z,2019-12-31T23:00:00Z
3,Vindriktning,2020,data/parameter_3/2020.csv,8750,2020-01-01T00:00:00Z,2020-12-31T23:00:00Z
3,Vindriktning,2021,data/parameter_3/2021.csv,8693,2021-01-01T18:00:00Z,2021-12-31T23:00:00Z
3,Vindriktning,2022,data/parameter_3/2022.csv,8731,2022-01-01T00:00:00Z,2022-12-31T23:00:00Z
3,Vindriktning,2023,data/parameter_3/2023.csv,8699,2023-01-01T00:00:00Z,2023-12-31T23:00:00Z
3,Vindriktning,2024,data/parameter_3/2024.csv,8743,2024-01-01T00:00:00Z,2024-12-31T23:00:00Z
3,Vindriktning,2025,data/parameter_3/2025.csv,8711,2025-01-01T00:00:00Z,2025-12-31T23:00:00Z
3,Vindriktning,2026,data/parameter_3/2026.csv,6657,2026-01-01T00:00:00Z,2026-10-05T18:00:00Z
39,Daggpunktstemperatur,1951,data/parameter_39/1951.csv,1800,1951-01-02T12:00:00Z,1951-12-31T18:00:00Z
39,Daggpunktstemperatur,1952,data/parameter_39/1952.csv,1741,1952-01-01T06:00:00Z,1952-12-31T18:00:00Z
39,Daggpunktstemperatur,1953,data/parameter_39/1953.csv,1999,1953-01-01T06:00:00Z,1953-12-31T18:00:00Z
39,Daggpunktstemperatur,1954,data/parameter_39/1954.csv,1862,1954-01-01T06:00:00Z,1954-12-31T18:00:00Z
39,Daggpunktstemperatur,1955,data/parameter_39/1955.csv,5648,1955-01-01T05:00:00Z,1955-12-31T20:00:00Z
39,Daggpunktstemperatur,1956,data/parameter_39/1956.csv,5645,1956-01-01T05:00:00Z,1956-12-31T20:00:00Z
39,Daggpunktstemperatur,1957,data/parameter_39/1957.csv,5821,1957-01-01T05:00:00Z,1957-12-31T20:00:00Z
39,Daggpunktstemperatur,1958,data/parameter_39/1958.csv,5780,1958-01-01T05:00:00Z,1958-12-31T20:00:00Z
39,Daggpunktstemperatur,1959,data/parameter_39/1959.csv,5907,1959-01-01T05:00:00Z,1959-12-31T20:00:00Z
39,Daggpunktstemperatur,1960,data/parameter_39/1960.csv,5783,1960-01-01T05:00:00Z,1960-12-31T20:00:00Z
39,Daggpunktstemperatur,1961,data/parameter_39/1961.csv,6831,1961-01-01T00:00:00Z,1961-12-31T21:00:00Z
39,Daggpunktstemperatur,1962,data/parameter_39/1962.csv,8536,1962-01-01T00:00:00Z,1962-12-31T20:00:00Z
39,Daggpunktstemperatur,1963,data/parameter_39/1963.csv,8616,1963-01-01T00:00:00Z,1963-12-31T21:00:00Z
39,Daggpunktstemperatur,1964,data/parameter_39/1964.csv,8724,1964-01-01T00:00:00Z,1964-12-31T20:00:00Z
39,Daggpunktstemperatur,1965,data/parameter_39/1965.csv,8634,1965-01-01T00:00:00Z,1965-12-31T20:00:00Z
39,Daggpunktstemperatur,1966,data/parameter_39/1966.csv,8273,1966-01-01T00:00:00Z,1966-12-31T21:00:00Z
39,Daggpunktstemperatur,1967,data/parameter_39/1967.csv,8385,1967-01-01T00:00:00Z,1967-12-31T23:00:00Z
39,Daggpunktstemperatur,1968,data/parameter_39/1968.csv,8453,1968-01-01T00:00:00Z,1968-12-31T23:00:00Z
39,Daggpunktstemperatur,1969,data/parameter_39/1969.csv,8494,1969-01-01T00:00:00Z,1969-12-31T21:00:00Z
39,Daggpunktstemperatur,1970,data/parameter_39/1970.csv,8585,1970-01-01T00:00:00Z,1970-12-31T21:00:00Z
39,Daggpunktstemperatur,1971,data/parameter_39/1971.csv,8585,1971-01-01T00:00:00Z,1971-12-31T21:00:00Z
39,Daggpunktstemperatur,1972,data/parameter_39/1972.csv,8682,1972-01-01T00:00:00Z,1972-12-31T21:00:00Z
39,Daggpunktstemperatur,1973,data/parameter_39/1973.csv,8718,1973-01-01T00:00:00Z,1973-12-31T22:00:00Z
39,Daggpunktstemperatur,1974,data/parameter_39/1974.csv,8755,1974-01-01T00:00:00Z,1974-12-31T23:00:00Z
39,Daggpunktstemperatur,1975,data/parameter_39/1975.csv,8745,1975-01-01T00:00:00Z,1975-12-31T21:00:00Z
39,Daggpunktstemperatur,1976,data/parameter_39/1976.csv,8766,1976-01-01T00:00:00Z,1976-12-31T21:00:00Z
39,Daggpunktstemperatur,1977,data/parameter_39/1977.csv,8743,1977-01-01T00:00:00Z,1977-12-31T21:00:00Z
39,Daggpunktstemperatur,1978,data/parameter_39/1978.csv,8689,1978-01-01T00:00:00Z,1978-12-31T21:00:00Z
39,Daggpunktstemperatur,1979,data/parameter_39/1979.csv,8737,1979-01-01T00:00:00Z,1979-12-31T23:00:00Z
39,Daggpunktstemperatur,1980,data/parameter_39/1980.csv,8688,1980-01-01T00:00:00Z,1980-12-31T23:00:00Z
39,Daggpunktstemperatur,1981,data/parameter_39/1981.csv,8736,1981-01-01T00:00:00Z,1981-12-31T21:00:00Z
39,Daggpunktstemperatur,1982,data/parameter_39/1982.csv,8734,1982-01-01T00:00:00Z,1982-12-31T21:00:00Z
39,Daggpunktstemperatur,1983,data/parameter_39/1983.csv,8749,1983-01-01T00:00:00Z,1983-12-31T23:00:00Z
39,Daggpunktstemperatur,1984,data/parameter_39/1984.csv,8774,1984-01-01T00:00:00Z,1984-12-31T23:00:00Z
39,Daggpunktstemperatur,1985,data/parameter_39/1985.csv,8733,1985-01-01T00:00:00Z,1985-12-31T21:00:00Z
39,Daggpunktstemperatur,1986,data/parameter_39/1986.csv,8745,1986-01-01T00:00:00Z,1986-12-31T21:00:00Z
39,Daggpunktstemperatur,1987,data/parameter_39/1987.csv,8750,1987-01-01T00:00:00Z,1987-12-31T23:00:00Z
39,Daggpunktstemperatur,1988,data/parameter_39/1988.csv,8737,1988-01-01T00:00:00Z,1988-12-31T21:00:00Z
39,Daggpunktstemperatur,1989,data/parameter_39/1989.csv,8736,1989-01-01T00:00:00Z,1989-12-31T21:00:00Z
39,Daggpunktstemperatur,1990,data/parameter_39/1990.csv,8726,1990-01-01T00:00:00Z,1990-12-31T22:00:00Z
39,Daggpunktstemperatur,1991,data/parameter_39/1991.csv,8743,1991-01-01T00:00:00Z,1991-12-31T23:00:00Z
39,Daggpunktstemperatur,1992,data/parameter_39/1992.csv,7573,1992-01-01T00:00:00Z,1992-12-31T23:00:00Z
39,Daggpunktstemperatur,1993,data/parameter_39/1993.csv,8720,1993-01-01T00:00:00Z,1993-12-31T21:00:00Z
39,Daggpunktstemperatur,1994,data/parameter_39/1994.csv,2919,1994-01-01T00:00:00Z,1994-12-31T21:00:00Z
39,Daggpunktstemperatur,1995,data/parameter_39/1995.csv,2920,1995-01-01T00:00:00Z,1995-12-31T21:00:00Z
39,Daggpunktstemperatur,1996,data/parameter_39/1996.csv,2928,1996-01-01T00:00:00Z,1996-12-31T21:00:00Z
39,Daggpunktstemperatur,1997,data/parameter_39/1997.csv,7673,1997-01-01T00:00:00Z,1997-12-31T21:00:00Z
39,Daggpunktstemperatur,1998,data/parameter_39/1998.csv,8396,1998-01-01T00:00:00Z,1998-12-31T21:00:00Z
39,Daggpunktstemperatur,1999,data/parameter_39/1999.csv,8595,1999-01-01T00:00:00Z,1999-12-31T23:00:00Z
39,Daggpunktstemperatur,2000,data/parameter_39/2000.csv,8669,2000-01-01T00:00:00Z,2000-12-31T23:00:00Z
39,Daggpunktstemperatur,2001,data/parameter_39/2001.csv,8643,2001-01-01T00:00:00Z,2001-12-31T23:00:00Z
39,Daggpunktstemperatur,2002,data/parameter_39/2002.csv,8685,2002-01-01T00:00:00Z,2002-12-31T23:00:00Z
39,Daggpunktstemperatur,2003,data/parameter_39/2003.csv,8689,2003-01-01T00:00:00Z,2003-12-31T23:00:00Z
39,Daggpunktstemperatur,2004,data/parameter_39/2004.csv,8660,2004-01-01T00:00:00Z,2004-12-31T23:00:00Z
39,Daggpunktstemperatur,2005,data/parameter_39/2005.csv,8643,2005-01-01T00:00:00Z,2005-12-31T23:00:00Z
39,Daggpunktstemperatur,2006,data/parameter_39/2006.csv,8683,2006-01-01T00:00:00Z,2006-12-31T23:00:00Z
39,Daggpunktstemperatur,2007,data/parameter_39/2007.csv,8668,2007-01-01T00:00:00Z,2007-12-31T23:00:00Z
39,Daggpunktstemperatur,2008,data/parameter_39/2008.csv,8683,2008-01-01T00:00:00Z,2008-12-31T23:00:00Z
39,Daggpunktstemperatur,2009,data/parameter_39/2009.csv,8631,2009-01-01T00:00:00Z,2009-12-31T23:00:00Z
39,Daggpunktstemperatur,2010,data/parameter_39/2010.csv,8656,2010-01-01T00:00:00Z,2010-12-31T23:00:00Z
39,Daggpunktstemperatur,2011,data/parameter_39/2011.csv,8700,2011-01-01T00:00:00Z,2011-12-31T23:00:00Z
39,Daggpunktstemperatur,2012,data/parameter_39/2012.csv,8756,2012-01-01T00:00:00Z,2012-12-31T23:00:00Z
39,Daggpunktstemperatur,2013,data/parameter_39/2013.csv,8745,2013-01-01T00:00:00Z,2013-12-31T23:00:00Z
39,Daggpunktstemperatur,2014,data/parameter_39/2014.csv,8728,2014-01-01T00:00:00Z,2014-12-31T23:00:00Z
39,Daggpunktstemperatur,2015,data/parameter_39/2015.csv,8736,2015-01-01T00:00:00Z,2015-12-31T23:00:00Z
39,Daggpunktstemperatur,2016,data/parameter_39/2016.csv,8758,2016-01-01T00:00:00Z,2016-12-31T23:00:00Z
39,Daggpunktstemperatur,2017,data/parameter_39/2017.csv,8720,2017-01-01T00:00:00Z,2017-12-31T23:00:00Z
39,Daggpunktstemperatur,2018,data/parameter_39/2018.csv,8696,2018-01-01T00:00:00Z,2018-12-31T23:00:00Z
39,Daggpunktstemperatur,2019,data/parameter_39/2019.csv,8713,2019-01-01T00:00:00Z,2019-12-31T23:00:00Z
39,Daggpunktstemperatur,2020,data/parameter_39/2020.csv,8751,2020-01-01T00:00:00Z,2020-12-31T23:00:00Z
39,Daggpunktstemperatur,2021,data/parameter_39/2021.csv,8693,2021-01-01T18:00:00Z,2021-12-31T23:00:00Z
39,Daggpunktstemperatur,2022,data/parameter_39/2022.csv,8727,2022-01-01T00:00:00Z,2022-12-31T23:00:00Z
39,Daggpunktstemperatur,2023,data/parameter_39/2023.csv,8698,2023-01-01T00:00:00Z,2023-12-31T23:00:00Z
39,Daggpunktstemperatur,2024,data/parameter_39/2024.csv,8763,2024-01-01T00:00:00Z,2024-12-31T23:00:00Z
39,Daggpunktstemperatur,2025,data/parameter_39/2025.csv,8733,2025-01-01T00:00:00Z,2025-12-31T23:00:00Z
39,Daggpunktstemperatur,2026,data/parameter_39/2026.csv,6658,2026-01-01T00:00:00Z,2026-10-05T18:00:00Z
4,Vindhastighet,1942,data/parameter_4/1942.csv,1360,1942-01-09T13:00:00Z,1942-12-31T18:00:00Z
4,Vindhastighet,1943,data/parameter_4/1943.csv,1433,1943-01-01T01:00:00Z,1943-12-31T18:00:00Z
4,Vindhastighet,1944,data/parameter_4/1944.csv,226,1944-03-05T13:00:00Z,1944-12-31T18:00:00Z
4,Vindhastighet,1945,data/parameter_4/1945.csv,1433,1945-01-01T01:00:00Z,1945-12-31T18:00:00Z
4,Vindhastighet,1946,data/parameter_4/1946.csv,1478,1946-01-01T01:00:00Z,1946-12-31T18:00:00Z
4,Vindhastighet,1947,data/parameter_4/1947.csv,1424,1947-01-01T00:00:00Z,1947-12-31T18:00:00Z
4,Vindhastighet,1948,data/parameter_4/1948.csv,1438,1948-01-01T00:00:00Z,1948-12-31T18:00:00Z
4,Vindhastighet,1949,data/parameter_4/1949.csv,2807,1949-01-01T00:00:00Z,1949-12-31T21:00:00Z
4,Vindhastighet,1950,data/parameter_4/1950.csv,2916,1950-01-01T00:00:00Z,1950-12-31T21:00:00Z
4,Vindhastighet,1951,data/parameter_4/1951.csv,2915,1951-01-01T00:00:00Z,1951-12-31T18:00:00Z
4,Vindhastighet,1952,data/parameter_4/1952.csv,2921,1952-01-01T00:00:00Z,1952-12-31T18:00:00Z
4,Vindhastighet,1953,data/parameter_4/1953.csv,2904,1953-01-01T00:00:00Z,1953-12-31T18:00:00Z
4,Vindhastighet,1954,data/parameter_4/1954.csv,2916,1954-01-01T00:00:00Z,1954-12-31T18:00:00Z
4,Vindhastighet,1955,data/parameter_4/1955.csv,6903,1955-01-01T00:00:00Z,1955-12-31T20:00:00Z
4,Vindhastighet,1956,data/parameter_4/1956.csv,6934,1956-01-01T00:00:00Z,1956-12-31T21:00:00Z
4,Vindhastighet,1957,data/parameter_4/1957.csv,6891,1957-01-01T00:00:00Z,1957-12-31T21:00:00Z
4,Vindhastighet,1958,data/parameter_4/1958.csv,6899,1958-01-01T00:00:00Z,1958-12-31T21:00:00Z
4,Vindhastighet,1959,data/parameter_4/1959.csv,6923,1959-01-01T00:00:00Z,1959-12-31T21:00:00Z
4,Vindhastighet,1960,data/parameter_4/1960.csv,6940,1960-01-01T00:00:00Z,1960-12-31T21:00:00Z
4,Vindhastighet,1961,data/parameter_4/1961.csv,6926,1961-01-01T00:00:00Z,1961-12-31T21:00:00Z
4,Vindhastighet,1962,data/parameter_4/1962.csv,8747,1962-01-01T00:00:00Z,1962-12-31T20:00:00Z
4,Vindhastighet,1963,data/parameter_4/1963.csv,8755,1963-01-01T00:00:00Z,1963-12-31T21:00:00Z
4,Vindhastighet,1964,data/parameter_4/1964.csv,8778,1964-01-01T00:00:00Z,1964-12-31T20:00:00Z
4,Vindhastighet,1965,data/parameter_4/1965.csv,8754,1965-01-01T00:00:00Z,1965-12-31T20:00:00Z
4,Vindhastighet,1966,data/parameter_4/1966.csv,8755,1966-01-01T00:00:00Z,1966-12-31T21:00:00Z
4,Vindhastighet,1967,data/parameter_4/1967.csv,8756,1967-01-01T00:00:00Z,1967-12-31T23:00:00Z
4,Vindhastighet,1968,data/parameter_4/1968.csv,8780,1968-01-01T00:00:00Z,1968-12-31T23:00:00Z
4,Vindhastighet,1969,data/parameter_4/1969.csv,8755,1969-01-01T00:00:00Z,1969-12-31T21:00:00Z
4,Vindhastighet,1970,data/parameter_4/1970.csv,8755,1970-01-01T00:00:00Z,1970-12-31T21:00:00Z
4,Vindhastighet,1971,data/parameter_4/1971.csv,8755,1971-01-01T00:00:00Z,1971-12-31T21:00:00Z
4,Vindhastighet,1972,data/parameter_4/1972.csv,8778,1972-01-01T00:00:00Z,1972-12-31T21:00:00Z
4,Vindhastighet,1973,data/parameter_4/1973.csv,8752,1973-01-01T00:00:00Z,1973-12-31T22:00:00Z
4,Vindhastighet,1974,data/parameter_4/1974.csv,8757,1974-01-01T00:00:00Z,1974-12-31T23:00:00Z
4,Vindhastighet,1975,data/parameter_4/1975.csv,8752,1975-01-01T00:00:00Z,1975-12-31T21:00:00Z
4,Vindhastighet,1976,data/parameter_4/1976.csv,8778,1976-01-01T00:00:00Z,1976-12-31T21:00:00Z
4,Vindhastighet,1977,data/parameter_4/1977.csv,8752,1977-01-01T00:00:00Z,1977-12-31T21:00:00Z
4,Vindhastighet,1978,data/parameter_4/1978.csv,8756,1978-01-01T00:00:00Z,1978-12-31T21:00:00Z
4,Vindhastighet,1979,data/parameter_4/1979.csv,8756,1979-01-01T00:00:00Z,1979-12-31T23:00:00Z
4,Vindhastighet,1980,data/parameter_4/1980.csv,8783,1980-01-01T00:00:00Z,1980-12-31T23:00:00Z
4,Vindhastighet,1981,data/parameter_4/1981.csv,8754,1981-01-01T00:00:00Z,1981-12-31T21:00:00Z
4,Vindhastighet,1982,data/parameter_4/1982.csv,8751,1982-01-01T00:00:00Z,1982-12-31T21:00:00Z
4,Vindhastighet,1983,data/parameter_4/1983.csv,8756,1983-01-01T00:00:00Z,1983-12-31T23:00:00Z
4,Vindhastighet,1984,data/parameter_4/1984.csv,8784,1984-01-01T00:00:00Z,1984-12-31T23:00:00Z
4,Vindhastighet,1985,data/parameter_4/1985.csv,8753,1985-01-01T00:00:00Z,1985-12-31T21:00:00Z
4,Vindhastighet,1986,data/parameter_4/1986.csv,8746,1986-01-01T00:00:00Z,1986-12-31T21:00:00Z
4,Vindhastighet,1987,data/parameter_4/1987.csv,8760,1987-01-01T00:00:00Z,1987-12-31T23:00:00Z
4,Vindhastighet,1988,data/parameter_4/1988.csv,8754,1988-01-01T00:00:00Z,1988-12-31T21:00:00Z
4,Vindhastighet,1989,data/parameter_4/1989.csv,8748,1989-01-01T00:00:00Z,1989-12-31T21:00:00Z
4,Vindhastighet,1990,data/parameter_4/1990.csv,8732,1990-01-01T00:00:00Z,1990-12-31T22:00:00Z
4,Vindhastighet,1991,data/parameter_4/1991.csv,8756,1991-01-01T00:00:00Z,1991-12-31T23:00:00Z
4,Vindhastighet,1992,data/parameter_4/1992.csv,7586,1992-01-01T00:00:00Z,1992-12-31T23:00:00Z
4,Vindhastighet,1993,data/parameter_4/1993.csv,8729,1993-01-01T00:00:00Z,1993-12-31T21:00:00Z
4,Vindhastighet,1994,data/parameter_4/1994.csv,2920,1994-01-01T00:00:00Z,1994-12-31T21:00:00Z
4,Vindhastighet,1995,data/parameter_4/1995.csv,2920,1995-01-01T00:00:00Z,1995-12-31T21:00:00Z
4,Vindhastighet,1996,data/parameter_4/1996.csv,2928,1996-01-01T00:00:00Z,1996-12-31T21:00:00Z
4,Vindhastighet,1997,data/parameter_4/1997.csv,7670,1997-01-01T00:00:00Z,1997-12-31T21:00:00Z
4,Vindhastighet,1998,data/parameter_4/1998.csv,8396,1998-01-01T00:00:00Z,1998-12-31T21:00:00Z
4,Vindhastighet,1999,data/parameter_4/1999.csv,8594,1999-01-01T00:00:00Z,1999-12-31T23:00:00Z
4,Vindhastighet,2000,data/parameter_4/2000.csv,8669,2000-01-01T00:00:00Z,2000-12-31T23:00:00Z
4,Vindhastighet,2001,data/parameter_4/2001.csv,8643,2001-01-01T00:00:00Z,2001-12-31T23:00:00Z
4,Vindhastighet,2002,data/parameter_4/2002.csv,8638,2002-01-01T00:00:00Z,2002-12-31T23:00:00Z
4,Vindhastighet,2003,data/parameter_4/2003.csv,8611,2003-01-01T00:00:00Z,2003-12-31T23:00:00Z
4,Vindhastighet,2004,data/parameter_4/2004.csv,8584,2004-01-01T00:00:00Z,2004-12-31T23:00:00Z
4,Vindhastighet,2005,data/parameter_4/2005.csv,8628,2005-01-01T00:00:00Z,2005-12-31T23:00:00Z
4,Vindhastighet,2006,data/parameter_4/2006.csv,8606,2006-01-01T00:00:00Z,2006-12-31T23:00:00Z
4,Vindhastighet,2007,data/parameter_4/2007.csv,8655,2007-01-01T00:00:00Z,2007-12-31T23:00:00Z
4,Vindhastighet,2008,data/parameter_4/2008.csv,8626,2008-01-01T00:00:00Z,2008-12-31T23:00:00Z
4,Vindhastighet,2009,data/parameter_4/2009.csv,8220,2009-01-01T00:00:00Z,2009-12-31T23:00:00Z
4,Vindhastighet,2010,data/parameter_4/2010.csv,8649,2010-01-01T00:00:00Z,2010-12-31T23:00:00Z
4,Vindhastighet,2011,data/parameter_4/2011.csv,8709,2011-01-01T00:00:00Z,2011-12-31T23:00:00Z
4,Vindhastighet,2012,data/parameter_4/2012.csv,8756,2012-01-01T00:00:00Z,2012-12-31T23:00:00Z
4,Vindhastighet,2013,data/parameter_4/2013.csv,8745,2013-01-01T00:00:00Z,2013-12-31T23:00:00Z
4,Vindhastighet,2014,data/parameter_4/2014.csv,8726,2014-01-01T00:00:00Z,2014-12-31T23:00:00Z
4,Vindhastighet,2015,data/parameter_4/2015.csv,8736,2015-01-01T00:00:00Z,2015-12-31T23:00:00Z
4,Vindhastighet,2016,data/parameter_4/2016.csv,8756,2016-01-01T00:00:00Z,2016-12-31T23:00:00Z
4,Vindhastighet,2017,data/parameter_4/2017.csv,8718,2017-01-01T00:00:00Z,2017-12-31T23:00:00Z
4,Vindhastighet,2018,data/parameter_4/2018.csv,8690,2018-01-01T00:00:00Z,2018-12-31T23:00:00Z
4,Vindhastighet,2019,data/parameter_4/2019.csv,8712,2019-01-01T00:00:00Z,2019-12-31T23:00:00Z
4,Vindhastighet,2020,data/parameter_4/2020.csv,8750,2020-01-01T00:00:00Z,2020-12-31T23:00:00Z
4,Vindhastighet,2021,data/parameter_4/2021.csv,8693,2021-01-01T18:00:00Z,2021-12-31T23:00:00Z
4,Vindhastighet,2022,data/parameter_4/2022.csv,8731,2022-01-01T00:00:00Z,2022-12-31T23:00:00Z
4,Vindhastighet,2023,data/parameter_4/2023.csv,8697,2023-01-01T00:00:00Z,2023-12-31T23:00:00Z
4,Vindhastighet,2024,data/parameter_4/2024.csv,8737,2024-01-01T00:00:00Z,2024-12-31T23:00:00Z
4,Vindhastighet,2025,data/parameter_4/2025.csv,8711,2025-01-01T00:00:00Z,2025-12-31T23:00:00Z
4,Vindhastighet,2026,data/parameter_4/2026.csv,6657,2026-01-01T00:00:00Z,2026-10-05T18:00:00Z
5,Nederbördsmängd,1946,data/parameter_5/1946.csv,1,1946-12-31T07:00:01Z,1946-12-31T07:00:01Z
5,Nederbördsmängd,1947,data/parameter_5/1947.csv,365,1947-01-01T06:00:01Z,1947-12-31T06:00:01Z
5,Nederbördsmängd,1948,data/parameter_5/1948.csv,366,1948-01-01T06:00:01Z,1948-12-31T06:00:01Z
5,Nederbördsmängd,1949,data/parameter_5/1949.csv,257,1949-01-01T06:00:01Z,1949-12-31T06:00:01Z
5,Nederbördsmängd,1950,data/parameter_5/1950.csv,358,1950-01-02T06:00:01Z,1950-12-31T06:00:01Z
5,Nederbördsmängd,1951,data/parameter_5/1951.csv,365,1951-01-01T06:00:01Z,1951-12-31T06:00:01Z
5,Nederbördsmängd,1952,data/parameter_5/1952.csv,366,1952-01-01T06:00:01Z,1952-12-31T06:00:01Z
5,Nederbördsmängd,1953,data/parameter_5/1953.csv,365,1953-01-01T06:00:01Z,1953-12-31T06:00:01Z
5,Nederbördsmängd,1954,data/parameter_5/1954.csv,365,1954-01-01T06:00:01Z,1954-12-31T06:00:01Z
5,Nederbördsmängd,1955,data/parameter_5/1955.csv,365,1955-01-01T06:00:01Z,1955-12-31T06:00:01Z
5,Nederbördsmängd,1956,data/parameter_5/1956.csv,366,1956-01-01T06:00:01Z,1956-12-31T06:00:01Z
5,Nederbördsmängd,1957,data/parameter_5/1957.csv,365,1957-01-01T06:00:01Z,1957-12-31T06:00:01Z
5,Nederbördsmängd,1958,data/parameter_5/1958.csv,365,1958-01-01T06:00:01Z,1958-12-31T06:00:01Z
5,Nederbördsmängd,1959,data/parameter_5/1959.csv,365,1959-01-01T06:00:01Z,1959-12-31T06:00:01Z
5,Nederbördsmängd,1960,data/parameter_5/1960.csv,366,1960-01-01T06:00:01Z,1960-12-31T06:00:01Z
5,Nederbördsmängd,1961,data/parameter_5/1961.csv,365,1961-01-01T06:00:01Z,1961-12-31T06:00:01Z
5,Nederbördsmängd,1962,data/parameter_5/1962.csv,365,1962-01-01T06:00:01Z,1962-12-31T06:00:01Z
5,Nederbördsmängd,1963,data/parameter_5/1963.csv,365,1963-01-01T06:00:01Z,1963-12-31T06:00:01Z
5,Nederbördsmängd,1964,data/parameter_5/1964.csv,366,1964-01-01T06:00:01Z,1964-12-31T06:00:01Z
5,Nederbördsmängd,1965,data/parameter_5/1965.csv,365,1965-01-01T06:00:01Z,1965-12-31T06:00:01Z
5,Nederbördsmängd,1966,data/parameter_5/1966.csv,365,1966-01-01T06:00:01Z,1966-12-31T06:00:01Z
5,Nederbördsmängd,1967,data/parameter_5/1967.csv,365,1967-01-01T06:00:01Z,1967-12-31T06:00:01Z
5,Nederbördsmängd,1968,data/parameter_5/1968.csv,366,1968-01-01T06:00:01Z,1968-12-31T06:00:01Z
5,Nederbördsmängd,1969,data/parameter_5/1969.csv,365,1969-01-01T06:00:01Z,1969-12-31T06:00:01Z
5,Nederbördsmängd,1970,data/parameter_5/1970.csv,365,1970-01-01T06:00:01Z,1970-12-31T06:00:01Z
5,Nederbördsmängd,1971,data/parameter_5/1971.csv,365,1971-01-01T06:00:01Z,1971-12-31T06:00:01Z
5,Nederbördsmängd,1972,data/parameter_5/1972.csv,366,1972-01-01T06:00:01Z,1972-12-31T06:00:01Z
5,Nederbördsmängd,1973,data/parameter_5/1973.csv,365,1973-01-01T06:00:01Z,1973-12-31T06:00:01Z
5,Nederbördsmängd,1974,data/parameter_5/1974.csv,365,1974-01-01T06:00:01Z,1974-12-31T06:00:01Z
5,Nederbördsmängd,1975,data/parameter_5/1975.csv,365,1975-01-01T06:00:01Z,1975-12-31T06:00:01Z
5,Nederbördsmängd,1976,data/parameter_5/1976.csv,366,1976-01-01T06:00:01Z,1976-12-31T06:00:01Z
5,Nederbördsmängd,1977,data/parameter_5/1977.csv,365,1977-01-01T06:00:01Z,1977-12-31T06:00:01Z
5,Nederbördsmängd,1978,data/parameter_5/1978.csv,365,1978-01-01T06:00:01Z,1978-12-31T06:00:01Z
5,Nederbördsmängd,1979,data/parameter_5/1979.csv,365,1979-01-01T06:00:01Z,1979-12-31T06:00:01Z
5,Nederbördsmängd,1980,data/parameter_5/1980.csv,366,1980-01-01T06:00:01Z,1980-12-31T06:00:01Z
5,Nederbördsmängd,1981,data/parameter_5/1981.csv,365,1981-01-01T06:00:01Z,1981-12-31T06:00:01Z
5,Nederbördsmängd,1982,data/parameter_5/1982.csv,365,1982-01-01T06:00:01Z,1982-12-31T06:00:01Z
5,Nederbördsmängd,1983,data/parameter_5/1983.csv,365,1983-01-01T06:00:01Z,1983-12-31T06:00:01Z
5,Nederbördsmängd,1984,data/parameter_5/1984.csv,366,1984-01-01T06:00:01Z,1984-12-31T06:00:01Z
5,Nederbördsmängd,1985,data/parameter_5/1985.csv,365,1985-01-01T06:00:01Z,1985-12-31T06:00:01Z
5,Nederbördsmängd,1986,data/parameter_5/1986.csv,365,1986-01-01T06:00:01Z,1986-12-31T06:00:01Z
5,Nederbördsmängd,1987,data/parameter_5/1987.csv,365,1987-01-01T06:00:01Z,1987-12-31T06:00:01Z
5,Nederbördsmängd,1988,data/parameter_5/1988.csv,366,1988-01-01T06:00:01Z,1988-12-31T06:00:01Z
5,Nederbördsmängd,1989,data/parameter_5/1989.csv,365,1989-01-01T06:00:01Z,1989-12-31T06:00:01Z
5,Nederbördsmängd,1990,data/parameter_5/1990.csv,365,1990-01-01T06:00:01Z,1990-12-31T06:00:01Z
5,Nederbördsmängd,1991,data/parameter_5/1991.csv,365,1991-01-01T06:00:01Z,1991-12-31T06:00:01Z
5,Nederbördsmängd,1992,data/parameter_5/1992.csv,366,1992-01-01T06:00:01Z,1992-12-31T06:00:01Z
5,Nederbördsmängd,1993,data/parameter_5/1993.csv,365,1993-01-01T06:00:01Z,1993-12-31T06:00:01Z
5,Nederbördsmängd,1994,data/parameter_5/1994.csv,365,1994-01-01T06:00:01Z,1994-12-31T06:00:01Z
5,Nederbördsmängd,1995,data/parameter_5/1995.csv,365,1995-01-01T06:00:01Z,1995-12-31T06:00:01Z
5,Nederbördsmängd,1996,data/parameter_5/1996.csv,366,1996-01-01T06:00:01Z,1996-12-31T06:00:01Z
5,Nederbördsmängd,1997,data/parameter_5/1997.csv,365,1997-01-01T06:00:01Z,1997-12-31T06:00:01Z
5,Nederbördsmängd,1998,data/parameter_5/1998.csv,365,1998-01-01T06:00:01Z,1998-12-31T06:00:01Z
5,Nederbördsmängd,1999,data/parameter_5/1999.csv,365,1999-01-01T06:00:01Z,1999-12-31T06:00:01Z
5,Nederbördsmängd,2000,data/parameter_5/2000.csv,366,2000-01-01T06:00:01Z,2000-12-31T06:00:01Z
5,Nederbördsmängd,2001,data/parameter_5/2001.csv,365,2001-01-01T06:00:01Z,2001-12-31T06:00:01Z
5,Nederbördsmängd,2002,data/parameter_5/2002.csv,365,2002-01-01T06:00:01Z,2002-12-31T06:00:01Z
5,Nederbördsmängd,2012,data/parameter_5/2012.csv,1,2012-12-31T06:00:01Z,2012-12-31T06:00:01Z
5,Nederbördsmängd,2013,data/parameter_5/2013.csv,365,2013-01-01T06:00:01Z,2013-12-31T06:00:01Z
5,Nederbördsmängd,2014,data/parameter_5/2014.csv,365,2014-01-01T06:00:01Z,2014-12-31T06:00:01Z
5,Nederbördsmängd,2015,data/parameter_5/2015.csv,365,2015-01-01T06:00:01Z,2015-12-31T06:00:01Z
5,Nederbördsmängd,2016,data/parameter_5/2016.csv,366,2016-01-01T06:00:01Z,2016-12-31T06:00:01Z
5,Nederbördsmängd,2017,data/parameter_5/2017.csv,365,2017-01-01T06:00:01Z,2017-12-31T06:00:01Z
5,Nederbördsmängd,2018,data/parameter_5/2018.csv,365,2018-01-01T06:00:01Z,2018-12-31T06:00:01Z
5,Nederbördsmängd,2019,data/parameter_5/2019.csv,365,2019-01-01T06:00:01Z,2019-12-31T06:00:01Z
5,Nederbördsmängd,2020,data/parameter_5/2020.csv,366,2020-01-01T06:00:01Z,2020-12-31T06:00:01Z
5,Nederbördsmängd,2021,data/parameter_5/2021.csv,365,2021-01-01T06:00:01Z,2021-12-31T06:00:01Z
5,Nederbördsmängd,2022,data/parameter_5/2022.csv,365,2022-01-01T06:00:01Z,2022-12-31T06:00:01Z
5,Nederbördsmängd,2023,data/parameter_5/2023.csv,365,2023-01-01T06:00:01Z,2023-12-31T06:00:01Z
5,Nederbördsmängd,2024,data/parameter_5/2024.csv,366,2024-01-01T06:00:01Z,2024-12-31T06:00:01Z
5,Nederbördsmängd,2025,data/parameter_5/2025.csv,365,2025-01-01T06:00:01Z,2025-12-31T06:00:01Z
5,Nederbördsmängd,2026,data/parameter_5/2026.csv,276,2026-01-01T06:00:01Z,2026-10-04T06:00:01Z
6,Relativ Luftfuktighet,1951,data/parameter_6/1951.csv,328,1951-01-02T18:00:00Z,1951-12-31T18:00:00Z
6,Relativ Luftfuktighet,1952,data/parameter_6/1952.csv,379,1952-01-01T18:00:00Z,1952-12-31T18:00:00Z
6,Relativ Luftfuktighet,1953,data/parameter_6/1953.csv,394,1953-01-01T18:00:00Z,1953-12-31T18:00:00Z
6,Relativ Luftfuktighet,1954,data/parameter_6/1954.csv,396,1954-01-01T06:00:00Z,1954-12-31T18:00:00Z
6,Relativ Luftfuktighet,1955,data/parameter_6/1955.csv,406,1955-01-01T18:00:00Z,1955-12-31T18:00:00Z
6,Relativ Luftfuktighet,1956,data/parameter_6/1956.csv,397,1956-01-01T18:00:00Z,1956-12-31T18:00:00Z
6,Relativ Luftfuktighet,1957,data/parameter_6/1957.csv,410,1957-01-01T18:00:00Z,1957-12-31T18:00:00Z
6,Relativ Luftfuktighet,1958,data/parameter_6/1958.csv,403,1958-01-01T18:00:00Z,1958-12-31T18:00:00Z
6,Relativ Luftfuktighet,1959,data/parameter_6/1959.csv,405,1959-01-01T18:00:00Z,1959-12-31T18:00:00Z
6,Relativ Luftfuktighet,1960,data/parameter_6/1960.csv,397,1960-01-01T18:00:00Z,1960-12-31T18:00:00Z
6,Relativ Luftfuktighet,1961,data/parameter_6/1961.csv,72,1961-01-15T18:00:00Z,1961-11-01T00:00:00Z
6,Relativ Luftfuktighet,1962,data/parameter_6/1962.csv,70,1962-01-09T17:00:00Z,1962-12-20T18:00:00Z
6,Relativ Luftfuktighet,1963,data/parameter_6/1963.csv,71,1963-01-24T18:00:00Z,1963-12-19T06:00:00Z
6,Relativ Luftfuktighet,1964,data/parameter_6/1964.csv,69,1964-01-03T18:00:00Z,1964-10-31T18:00:00Z
6,Relativ Luftfuktighet,1965,data/parameter_6/1965.csv,71,1965-02-14T03:00:00Z,1965-10-31T18:00:00Z
6,Relativ Luftfuktighet,1966,data/parameter_6/1966.csv,74,1966-02-01T00:00:00Z,1966-12-19T06:00:00Z
6,Relativ Luftfuktighet,1967,data/parameter_6/1967.csv,69,1967-01-01T06:00:00Z,1967-12-01T06:00:00Z
6,Relativ Luftfuktighet,1968,data/parameter_6/1968.csv,70,1968-03-18T02:00:00Z,1968-11-01T00:00:00Z
6,Relativ Luftfuktighet,1969,data/parameter_6/1969.csv,66,1969-07-01T06:00:00Z,1969-11-30T18:00:00Z
6,Relativ Luftfuktighet,1970,data/parameter_6/1970.csv,69,1970-04-19T06:00:00Z,1970-12-19T22:00:00Z
6,Relativ Luftfuktighet,1971,data/parameter_6/1971.csv,71,1971-01-11T18:00:00Z,1971-12-26T06:00:00Z
6,Relativ Luftfuktighet,1972,data/parameter_6/1972.csv,65,1972-05-22T03:00:00Z,1972-12-01T06:00:00Z
6,Relativ Luftfuktighet,1973,data/parameter_6/1973.csv,67,1973-02-01T00:00:00Z,1973-12-10T18:00:00Z
6,Relativ Luftfuktighet,1974,data/parameter_6/1974.csv,66,1974-02-16T06:00:00Z,1974-12-28T06:00:00Z
6,Relativ Luftfuktighet,1975,data/parameter_6/1975.csv,98,1975-01-29T06:00:00Z,1975-12-26T18:00:00Z
6,Relativ Luftfuktighet,1976,data/parameter_6/1976.csv,67,1976-01-20T22:00:00Z,1976-10-31T18:00:00Z
6,Relativ Luftfuktighet,1977,data/parameter_6/1977.csv,69,1977-02-01T06:00:00Z,1977-12-02T18:00:00Z
6,Relativ Luftfuktighet,1978,data/parameter_6/1978.csv,70,1978-02-15T18:00:00Z,1978-12-25T09:00:00Z
6,Relativ Luftfuktighet,1979,data/parameter_6/1979.csv,66,1979-01-01T00:00:00Z,1979-10-31T18:00:00Z
6,Relativ Luftfuktighet,1980,data/parameter_6/1980.csv,70,1980-04-16T15:00:00Z,1980-12-17T15:00:00Z
6,Relativ Luftfuktighet,1981,data/parameter_6/1981.csv,67,1981-01-20T06:00:00Z,1981-11-29T21:00:00Z
6,Relativ Luftfuktighet,1982,data/parameter_6/1982.csv,70,1982-01-01T00:00:00Z,1982-12-16T13:00:00Z
6,Relativ Luftfuktighet,1983,data/parameter_6/1983.csv,64,1983-04-29T09:00:00Z,1983-11-01T06:00:00Z
6,Relativ Luftfuktighet,1984,data/parameter_6/1984.csv,67,1984-01-01T03:00:00Z,1984-11-29T06:00:00Z
6,Relativ Luftfuktighet,1985,data/parameter_6/1985.csv,69,1985-01-24T14:00:00Z,1985-11-17T23:00:00Z
6,Relativ Luftfuktighet,1986,data/parameter_6/1986.csv,70,1986-01-01T00:00:00Z,1986-10-31T18:00:00Z
6,Relativ Luftfuktighet,1987,data/parameter_6/1987.csv,70,1987-02-01T00:00:00Z,1987-11-01T00:00:00Z
6,Relativ Luftfuktighet,1988,data/parameter_6/1988.csv,69,1988-03-01T06:00:00Z,1988-12-28T06:00:00Z
6,Relativ Luftfuktighet,1989,data/parameter_6/1989.csv,67,1989-01-15T06:00:00Z,1989-10-31T18:00:00Z
6,Relativ Luftfuktighet,1990,data/parameter_6/1990.csv,67,1990-01-16T06:00:00Z,1990-10-31T18:00:00Z
6,Relativ Luftfuktighet,1991,data/parameter_6/1991.csv,69,1991-05-18T00:00:00Z,1991-10-31T18:00:00Z
6,Relativ Luftfuktighet,1992,data/parameter_6/1992.csv,71,1992-01-24T13:00:00Z,1992-12-01T06:00:00Z
6,Relativ Luftfuktighet,1993,data/parameter_6/1993.csv,68,1993-01-11T16:00:00Z,1993-12-05T06:00:00Z
6,Relativ Luftfuktighet,1994,data/parameter_6/1994.csv,64,1994-01-01T06:00:00Z,1994-12-01T06:00:00Z
6,Relativ Luftfuktighet,1995,data/parameter_6/1995.csv,64,1995-07-05T06:00:00Z,1995-10-31T18:00:00Z
6,Relativ Luftfuktighet,1996,data/parameter_6/1996.csv,66,1996-01-01T06:00:00Z,1996-10-31T18:00:00Z
6,Relativ Luftfuktighet,1997,data/parameter_6/1997.csv,66,1997-05-01T06:00:00Z,1997-10-31T18:00:00Z
6,Relativ Luftfuktighet,1998,data/parameter_6/1998.csv,67,1998-03-01T06:00:00Z,1998-11-01T06:00:00Z
6,Relativ Luftfuktighet,1999,data/parameter_6/1999.csv,68,1999-01-28T18:00:00Z,1999-12-01T05:00:00Z
6,Relativ Luftfuktighet,2000,data/parameter_6/2000.csv,69,2000-01-30T04:00:00Z,2000-12-01T00:00:00Z
6,Relativ Luftfuktighet,2001,data/parameter_6/2001.csv,65,2001-05-01T06:00:00Z,2001-11-11T13:00:00Z
6,Relativ Luftfuktighet,2002,data/parameter_6/2002.csv,74,2002-01-11T18:00:00Z,2002-12-06T23:00:00Z
6,Relativ Luftfuktighet,2003,data/parameter_6/2003.csv,65,2003-04-17T11:00:00Z,2003-10-31T18:00:00Z
6,Relativ Luftfuktighet,2004,data/parameter_6/2004.csv,64,2004-09-05T18:00:00Z,2004-11-03T18:00:00Z
6,Relativ Luftfuktighet,2005,data/parameter_6/2005.csv,62,2005-10-01T06:00:00Z,2005-10-31T18:00:00Z
6,Relativ Luftfuktighet,2006,data/parameter_6/2006.csv,66,2006-05-06T09:00:00Z,2006-12-21T18:00:00Z
6,Relativ Luftfuktighet,2007,data/parameter_6/2007.csv,67,2007-03-26T18:00:00Z,2007-12-21T18:00:00Z
6,Relativ Luftfuktighet,2008,data/parameter_6/2008.csv,67,2008-01-01T00:00:00Z,2008-10-31T18:00:00Z
6,Relativ Luftfuktighet,2009,data/parameter_6/2009.csv,62,2009-05-31T18:00:00Z,2009-10-31T18:00:00Z
6,Relativ Luftfuktighet,2010,data/parameter_6/2010.csv,63,2010-10-01T06:00:00Z,2010-12-01T00:00:00Z
6,Relativ Luftfuktighet,2011,data/parameter_6/2011.csv,66,2011-05-01T00:00:00Z,2011-12-01T00:00:00Z
6,Relativ Luftfuktighet,2012,data/parameter_6/2012.csv,67,2012-01-01T00:00:00Z,2012-10-31T18:00:00Z
6,Relativ Luftfuktighet,2013,data/parameter_6/2013.csv,8742,2013-01-01T00:00:00Z,2013-12-31T23:00:00Z
6,Relativ Luftfuktighet,2014,data/parameter_6/2014.csv,8728,2014-01-01T00:00:00Z,2014-12-31T23:00:00Z
6,Relativ Luftfuktighet,2015,data/parameter_6/2015.csv,8736,2015-01-01T00:00:00Z,2015-12-31T23:00:00Z
6,Relativ Luftfuktighet,2016,data/parameter_6/2016.csv,8758,2016-01-01T00:00:00Z,2016-12-31T23:00:00Z
6,Relativ Luftfuktighet,2017,data/parameter_6/2017.csv,8720,2017-01-01T00:00:00Z,2017-12-31T23:00:00Z
6,Relativ Luftfuktighet,2018,data/parameter_6/2018.csv,8696,2018-01-01T00:00:00Z,2018-12-31T23:00:00Z
6,Relativ Luftfuktighet,2019,data/parameter_6/2019.csv,8713,2019-01-01T00:00:00Z,2019-12-31T23:00:00Z
6,Relativ Luftfuktighet,2020,data/parameter_6/2020.csv,8752,2020-01-01T00:00:00Z,2020-12-31T23:00:00Z
6,Relativ Luftfuktighet,2021,data/parameter_6/2021.csv,8693,2021-01-01T18:00:00Z,2021-12-31T23:00:00Z
6,Relativ Luftfuktighet,2022,data/parameter_6/2022.csv,8727,2022-01-01T00:00:00Z,2022-12-31T23:00:00Z
6,Relativ Luftfuktighet,2023,data/parameter_6/2023.csv,8699,2023-01-01T00:00:00Z,2023-12-31T23:00:00Z
6,Relativ Luftfuktighet,2024,data/parameter_6/2024.csv,8763,2024-01-01T00:00:00Z,2024-12-31T23:00:00Z
6,Relativ Luftfuktighet,2025,data/parameter_6/2025.csv,8733,2025-01-01T00:00:00Z,2025-12-31T23:00:00Z
6,Relativ Luftfuktighet,2026,data/parameter_6/2026.csv,6658,2026-01-01T00:00:00Z,2026-10-05T18:00:00Z
7,Nederbördsmängd,2013,data/parameter_7/2013.csv,7518,2013-01-01T01:00:00Z,2013-12-31T23:00:00Z
7,Nederbördsmängd,2014,data/parameter_7/2014.csv,7419,2014-01-01T00:00:00Z,2014-12-31T23:00:00Z
7,Nederbördsmängd,2015,data/parameter_7/2015.csv,7397,2015-01-01T01:00:00Z,2015-12-31T22:00:00Z
7,Nederbördsmängd,2016,data/parameter_7/2016.csv,7216,2016-01-01T01:00:00Z,2016-12-31T23:00:00Z
7,Nederbördsmängd,2017,data/parameter_7/2017.csv,7271,2017-01-01T01:00:00Z,2017-12-31T23:00:00Z
7,Nederbördsmängd,2018,data/parameter_7/2018.csv,7244,2018-01-01T01:00:00Z,2018-12-31T23:00:00Z
7,Nederbördsmängd,2019,data/parameter_7/2019.csv,7503,2019-01-01T00:00:00Z,2019-12-31T23:00:00Z
7,Nederbördsmängd,2020,data/parameter_7/2020.csv,8740,2020-01-01T00:00:00Z,2020-12-31T23:00:00Z
7,Nederbördsmängd,2021,data/parameter_7/2021.csv,8579,2021-01-01T18:00:00Z,2021-12-31T23:00:00Z
7,Nederbördsmängd,2022,data/parameter_7/2022.csv,8725,2022-01-01T00:00:00Z,2022-12-31T23:00:00Z
7,Nederbördsmängd,2023,data/parameter_7/2023.csv,8457,2023-01-01T00:00:00Z,2023-12-31T23:00:00Z
7,Nederbördsmängd,2024,data/parameter_7/2024.csv,8565,2024-01-01T00:00:00Z,2024-12-31T23:00:00Z
7,Nederbördsmängd,2025,data/parameter_7/2025.csv,8573,2025-01-01T00:00:00Z,2025-12-31T23:00:00Z
7,Nederbördsmängd,2026,data/parameter_7/2026.csv,6428,2026-01-01T00:00:00Z,2026-10-05T18:00:00Z
8,Snödjup,1946,data/parameter_8/1946.csv,1,1946-08-13T06:00:00Z,1946-08-13T06:00:00Z
8,Snödjup,1947,data/parameter_8/1947.csv,342,1947-01-01T06:00:00Z,1947-12-31T06:00:00Z
8,Snödjup,1948,data/parameter_8/1948.csv,322,1948-01-01T06:00:00Z,1948-12-31T06:00:00Z
8,Snödjup,1949,data/parameter_8/1949.csv,299,1949-01-01T06:00:00Z,1949-11-25T06:00:00Z
8,Snödjup,1950,data/parameter_8/1950.csv,358,1950-01-01T06:00:00Z,1950-12-31T06:00:00Z
8,Snödjup,1951,data/parameter_8/1951.csv,365,1951-01-01T06:00:00Z,1951-12-31T06:00:00Z
8,Snödjup,1952,data/parameter_8/1952.csv,366,1952-01-01T06:00:00Z,1952-12-31T06:00:00Z
8,Snödjup,1953,data/parameter_8/1953.csv,363,1953-01-01T06:00:00Z,1953-12-31T06:00:00Z
8,Snödjup,1954,data/parameter_8/1954.csv,365,1954-01-01T06:00:00Z,1954-12-31T06:00:00Z
8,Snödjup,1955,data/parameter_8/1955.csv,362,1955-01-01T06:00:00Z,1955-12-31T06:00:00Z
8,Snödjup,1956,data/parameter_8/1956.csv,366,1956-01-01T06:00:00Z,1956-12-31T06:00:00Z
8,Snödjup,1957,data/parameter_8/1957.csv,361,1957-01-01T06:00:00Z,1957-12-31T06:00:00Z
8,Snödjup,1958,data/parameter_8/1958.csv,363,1958-01-01T06:00:00Z,1958-12-31T06:00:00Z
8,Snödjup,1959,data/parameter_8/1959.csv,365,1959-01-01T06:00:00Z,1959-12-31T06:00:00Z
8,Snödjup,1960,data/parameter_8/1960.csv,364,1960-01-01T06:00:00Z,1960-12-31T06:00:00Z
8,Snödjup,1961,data/parameter_8/1961.csv,364,1961-01-01T06:00:00Z,1961-12-31T06:00:00Z
8,Snödjup,1962,data/parameter_8/1962.csv,365,1962-01-01T06:00:00Z,1962-12-31T06:00:00Z
8,Snödjup,1963,data/parameter_8/1963.csv,363,1963-01-01T06:00:00Z,1963-12-31T06:00:00Z
8,Snödjup,1964,data/parameter_8/1964.csv,366,1964-01-01T06:00:00Z,1964-12-31T06:00:00Z
8,Snödjup,1965,data/parameter_8/1965.csv,365,1965-01-01T06:00:00Z,1965-12-31T06:00:00Z
8,Snödjup,1966,data/parameter_8/1966.csv,361,1966-01-01T06:00:00Z,1966-12-31T06:00:00Z
8,Snödjup,1967,data/parameter_8/1967.csv,356,1967-01-01T06:00:00Z,1967-12-31T06:00:00Z
8,Snödjup,1968,data/parameter_8/1968.csv,363,1968-01-01T06:00:00Z,1968-12-31T06:00:00Z
8,Snödjup,1969,data/parameter_8/1969.csv,204,1969-01-01T06:00:00Z,1969-12-31T06:00:00Z
8,Snödjup,1970,data/parameter_8/1970.csv,202,1970-01-01T06:00:00Z,1970-12-31T06:00:00Z
8,Snödjup,1971,data/parameter_8/1971.csv,181,1971-01-01T06:00:00Z,1971-12-31T06:00:00Z
8,Snödjup,1972,data/parameter_8/1972.csv,204,1972-01-01T06:00:00Z,1972-12-31T06:00:00Z
8,Snödjup,1973,data/parameter_8/1973.csv,214,1973-01-01T06:00:00Z,1973-12-31T06:00:00Z
8,Snödjup,1974,data/parameter_8/1974.csv,188,1974-01-01T06:00:00Z,1974-12-31T06:00:00Z
8,Snödjup,1975,data/parameter_8/1975.csv,175,1975-01-01T06:00:00Z,1975-12-31T06:00:00Z
8,Snödjup,1976,data/parameter_8/1976.csv,183,1976-01-01T06:00:00Z,1976-12-31T06:00:00Z
8,Snödjup,1977,data/parameter_8/1977.csv,192,1977-01-01T06:00:00Z,1977-12-31T06:00:00Z
8,Snödjup,1978,data/parameter_8/1978.csv,211,1978-01-01T06:00:00Z,1978-12-31T06:00:00Z
8,Snödjup,1979,data/parameter_8/1979.csv,347,1979-01-01T06:00:00Z,1979-12-31T06:00:00Z
8,Snödjup,1980,data/parameter_8/1980.csv,357,1980-01-01T06:00:00Z,1980-12-31T06:00:00Z
8,Snödjup,1981,data/parameter_8/1981.csv,357,1981-01-01T06:00:00Z,1981-12-31T06:00:00Z
8,Snödjup,1982,data/parameter_8/1982.csv,337,1982-01-01T06:00:00Z,1982-12-31T06:00:00Z
8,Snödjup,1983,data/parameter_8/1983.csv,343,1983-01-01T06:00:00Z,1983-12-31T06:00:00Z
8,Snödjup,1984,data/parameter_8/1984.csv,263,1984-01-01T06:00:00Z,1984-12-31T06:00:00Z
8,Snödjup,1985,data/parameter_8/1985.csv,204,1985-01-01T06:00:00Z,1985-12-31T06:00:00Z
8,Snödjup,1986,data/parameter_8/1986.csv,188,1986-01-01T06:00:00Z,1986-12-31T06:00:00Z
8,Snödjup,1987,data/parameter_8/1987.csv,332,1987-01-01T06:00:00Z,1987-12-31T06:00:00Z
8,Snödjup,1988,data/parameter_8/1988.csv,318,1988-01-01T06:00:00Z,1988-12-31T06:00:00Z
8,Snödjup,1989,data/parameter_8/1989.csv,356,1989-01-01T06:00:00Z,1989-12-31T06:00:00Z
8,Snödjup,1990,data/parameter_8/1990.csv,342,1990-01-01T06:00:00Z,1990-12-31T06:00:00Z
8,Snödjup,1991,data/parameter_8/1991.csv,330,1991-01-01T06:00:00Z,1991-12-31T06:00:00Z
8,Snödjup,1992,data/parameter_8/1992.csv,364,1992-01-01T06:00:00Z,1992-12-31T06:00:00Z
8,Snödjup,1993,data/parameter_8/1993.csv,359,1993-01-01T06:00:00Z,1993-12-31T06:00:00Z
8,Snödjup,1994,data/parameter_8/1994.csv,346,1994-01-01T06:00:00Z,1994-12-31T06:00:00Z
8,Snödjup,1995,data/parameter_8/1995.csv,352,1995-01-01T06:00:00Z,1995-12-31T06:00:00Z
8,Snödjup,1996,data/parameter_8/1996.csv,357,1996-01-01T06:00:00Z,1996-12-31T06:00:00Z
8,Snödjup,1997,data/parameter_8/1997.csv,354,1997-01-01T06:00:00Z,1997-12-31T06:00:00Z
8,Snödjup,1998,data/parameter_8/1998.csv,352,1998-01-01T06:00:00Z,1998-12-31T06:00:00Z
8,Snödjup,1999,data/parameter_8/1999.csv,356,1999-01-01T06:00:00Z,1999-12-31T06:00:00Z
8,Snödjup,2000,data/parameter_8/2000.csv,348,2000-01-01T06:00:00Z,2000-12-31T06:00:00Z
8,Snödjup,2001,data/parameter_8/2001.csv,356,2001-01-01T06:00:00Z,2001-12-31T06:00:00Z
8,Snödjup,2002,data/parameter_8/2002.csv,268,2002-01-01T06:00:00Z,2002-12-18T06:00:00Z
8,Snödjup,2003,data/parameter_8/2003.csv,207,2003-01-07T06:00:00Z,2003-12-19T06:00:00Z
8,Snödjup,2004,data/parameter_8/2004.csv,197,2004-01-07T06:00:00Z,2004-12-16T06:00:00Z
8,Snödjup,2005,data/parameter_8/2005.csv,199,2005-01-10T06:00:00Z,2005-12-15T06:00:00Z
8,Snödjup,2006,data/parameter_8/2006.csv,195,2006-01-09T06:00:00Z,2006-12-15T06:00:00Z
8,Snödjup,2007,data/parameter_8/2007.csv,202,2007-01-08T06:00:00Z,2007-12-21T06:00:00Z
8,Snödjup,2008,data/parameter_8/2008.csv,172,2008-01-07T06:00:00Z,2008-12-17T06:00:00Z
8,Snödjup,2009,data/parameter_8/2009.csv,197,2009-01-12T06:00:00Z,2009-12-18T06:00:00Z
8,Snödjup,2010,data/parameter_8/2010.csv,188,2010-01-11T06:00:00Z,2010-12-16T06:00:00Z
8,Snödjup,2011,data/parameter_8/2011.csv,206,2011-01-10T06:00:00Z,2011-12-15T06:00:00Z
8,Snödjup,2012,data/parameter_8/2012.csv,207,2012-01-09T06:00:00Z,2012-12-19T06:00:00Z
8,Snödjup,2013,data/parameter_8/2013.csv,206,2013-01-08T06:00:00Z,2013-12-11T06:00:00Z
8,Snödjup,2014,data/parameter_8/2014.csv,200,2014-01-07T06:00:00Z,2014-12-11T06:00:00Z
8,Snödjup,2015,data/parameter_8/2015.csv,193,2015-01-12T06:00:00Z,2015-12-10T06:00:00Z
8,Snödjup,2016,data/parameter_8/2016.csv,209,2016-01-11T06:00:00Z,2016-12-15T06:00:00Z
8,Snödjup,2017,data/parameter_8/2017.csv,190,2017-01-09T06:00:00Z,2017-12-19T06:00:00Z
8,Snödjup,2018,data/parameter_8/2018.csv,193,2018-01-09T06:00:00Z,2018-12-18T06:00:00Z
8,Snödjup,2019,data/parameter_8/2019.csv,206,2019-01-07T06:00:00Z,2019-12-18T06:00:00Z
8,Snödjup,2020,data/parameter_8/2020.csv,186,2020-01-07T06:00:00Z,2020-12-15T06:00:00Z
8,Snödjup,2021,data/parameter_8/2021.csv,169,2021-01-11T06:00:00Z,2021-12-15T06:00:00Z
8,Snödjup,2022,data/parameter_8/2022.csv,153,2022-01-10T06:00:00Z,2022-12-14T06:00:00Z
8,Snödjup,2023,data/parameter_8/2023.csv,175,2023-01-09T06:00:00Z,2023-12-14T06:00:00Z
8,Snödjup,2024,data/parameter_8/2024.csv,183,2024-01-08T06:00:00Z,2024-11-25T06:00:00Z
8,Snödjup,2025,data/parameter_8/2025.csv,198,2025-01-07T06:00:00Z,2025-12-11T06:00:00Z
8,Snödjup,2026,data/parameter_8/2026.csv,141,2026-01-07T06:00:00Z,2026-10-05T06:00:00Z
9,Lufttryck reducerat havsytans nivå,1942,data/parameter_9/1942.csv,1350,1942-01-12T13:00:00Z,1942-12-31T18:00:00Z
9,Lufttryck reducerat havsytans nivå,1943,data/parameter_9/1943.csv,1433,1943-01-01T01:00:00Z,1943-12-31T18:00:00Z
9,Lufttryck reducerat havsytans nivå,1944,data/parameter_9/1944.csv,226,1944-03-05T13:00:00Z,1944-12-31T18:00:00Z
9,Lufttryck reducerat havsytans nivå,1945,data/parameter_9/1945.csv,1433,1945-01-01T01:00:00Z,1945-12-31T18:00:00Z
9,Lufttryck reducerat havsytans nivå,1946,data/parameter_9/1946.csv,1429,1946-01-01T01:00:00Z,1946-12-31T18:00:00Z
9,Lufttryck reducerat havsytans nivå,1947,data/parameter_9/1947.csv,1425,1947-01-01T00:00:00Z,1947-12-31T18:00:00Z
9,Lufttryck reducerat havsytans nivå,1948,data/parameter_9/1948.csv,1464,1948-01-01T00:00:00Z,1948-12-31T18:00:00Z
9,Lufttryck reducerat havsytans nivå,1949,data/parameter_9/1949.csv,2856,1949-01-01T00:00:00Z,1949-12-31T21:00:00Z
9,Lufttryck reducerat havsytans nivå,1950,data/parameter_9/1950.csv,2918,1950-01-01T00:00:00Z,1950-12-31T21:00:00Z
9,Lufttryck reducerat havsytans nivå,1951,data/parameter_9/1951.csv,2912,1951-01-01T00:00:00Z,1951-12-31T18:00:00Z
9,Lufttryck reducerat havsytans nivå,1952,data/parameter_9/1952.csv,2921,1952-01-01T00:00:00Z,1952-12-31T18:00:00Z
9,Lufttryck reducerat havsytans nivå,1953,data/parameter_9/1953.csv,2904,1953-01-01T00:00:00Z,1953-12-31T18:00:00Z
9,Lufttryck reducerat havsytans nivå,1954,data/parameter_9/1954.csv,2916,1954-01-01T00:00:00Z,1954-12-31T18:00:00Z
9,Lufttryck reducerat havsytans nivå,1955,data/parameter_9/1955.csv,6903,1955-01-01T00:00:00Z,1955-12-31T20:00:00Z
9,Lufttryck reducerat havsytans nivå,1956,data/parameter_9/1956.csv,6934,1956-01-01T00:00:00Z,1956-12-31T21:00:00Z
9,Lufttryck reducerat havsytans nivå,1957,data/parameter_9/1957.csv,6891,1957-01-01T00:00:00Z,1957-12-31T21:00:00Z
9,Lufttryck reducerat havsytans nivå,1958,data/parameter_9/1958.csv,6900,1958-01-01T00:00:00Z,1958-12-31T21:00:00Z
9,Lufttryck reducerat havsytans nivå,1959,data/parameter_9/1959.csv,6923,1959-01-01T00:00:00Z,1959-12-31T21:00:00Z
9,Lufttryck reducerat havsytans nivå,1960,data/parameter_9/1960.csv,6940,1960-01-01T00:00:00Z,1960-12-31T21:00:00Z
9,Lufttryck reducerat havsytans nivå,1961,data/parameter_9/1961.csv,6926,1961-01-01T00:00:00Z,1961-12-31T21:00:00Z
9,Lufttryck reducerat havsytans nivå,1962,data/parameter_9/1962.csv,8747,1962-01-01T00:00:00Z,1962-12-31T20:00:00Z
9,Lufttryck reducerat havsytans nivå,1963,data/parameter_9/1963.csv,8755,1963-01-01T00:00:00Z,1963-12-31T21:00:00Z
9,Lufttryck reducerat havsytans nivå,1964,data/parameter_9/1964.csv,8778,1964-01-01T00:00:00Z,1964-12-31T20:00:00Z
9,Lufttryck reducerat havsytans nivå,1965,data/parameter_9/1965.csv,8754,1965-01-01T00:00:00Z,1965-12-31T20:00:00Z
9,Lufttryck reducerat havsytans nivå,1966,data/parameter_9/1966.csv,8757,1966-01-01T00:00:00Z,1966-12-31T21:00:00Z
9,Lufttryck reducerat havsytans nivå,1967,data/parameter_9/1967.csv,8758,1967-01-01T00:00:00Z,1967-12-31T23:00:00Z
9,Lufttryck reducerat havsytans nivå,1968,data/parameter_9/1968.csv,8782,1968-01-01T00:00:00Z,1968-12-31T23:00:00Z
9,Lufttryck reducerat havsytans nivå,1969,data/parameter_9/1969.csv,8755,1969-01-01T00:00:00Z,1969-12-31T21:00:00Z
9,Lufttryck reducerat havsytans nivå,1970,data/parameter_9/1970.csv,8755,1970-01-01T00:00:00Z,1970-12-31T21:00:00Z
9,Lufttryck reducerat havsytans nivå,1971,data/parameter_9/1971.csv,8755,1971-01-01T00:00:00Z,1971-12-31T21:00:00Z
9,Lufttryck reducerat havsytans nivå,1972,data/parameter_9/1972.csv,8778,1972-01-01T00:00:00Z,1972-12-31T21:00:00Z
9,Lufttryck reducerat havsytans nivå,1973,data/parameter_9/1973.csv,8752,1973-01-01T00:00:00Z,1973-12-31T22:00:00Z
9,Lufttryck reducerat havsytans nivå,1974,data/parameter_9/1974.csv,8756,1974-01-01T00:00:00Z,1974-12-31T23:00:00Z
9,Lufttryck reducerat havsytans nivå,1975,data/parameter_9/1975.csv,8752,1975-01-01T00:00:00Z,1975-12-31T21:00:00Z
9,Lufttryck reducerat havsytans nivå,1976,data/parameter_9/1976.csv,8776,1976-01-01T00:00:00Z,1976-12-31T21:00:00Z
9,Lufttryck reducerat havsytans nivå,1977,data/parameter_9/1977.csv,8754,1977-01-01T00:00:00Z,1977-12-31T21:00:00Z
9,Lufttryck reducerat havsytans nivå,1978,data/parameter_9/1978.csv,8756,1978-01-01T00:00:00Z,1978-12-31T21:00:00Z
9,Lufttryck reducerat havsytans nivå,1979,data/parameter_9/1979.csv,8757,1979-01-01T00:00:00Z,1979-12-31T23:00:00Z
9,Lufttryck reducerat havsytans nivå,1980,data/parameter_9/1980.csv,8784,1980-01-01T00:00:00Z,1980-12-31T23:00:00Z
9,Lufttryck reducerat havsytans nivå,1981,data/parameter_9/1981.csv,8754,1981-01-01T00:00:00Z,1981-12-31T21:00:00Z
9,Lufttryck reducerat havsytans nivå,1982,data/parameter_9/1982.csv,8744,1982-01-01T00:00:00Z,1982-12-31T21:00:00Z
9,Lufttryck reducerat havsytans nivå,1983,data/parameter_9/1983.csv,8754,1983-01-01T00:00:00Z,1983-12-31T23:00:00Z
9,Lufttryck reducerat havsytans nivå,1984,data/parameter_9/1984.csv,8782,1984-01-01T00:00:00Z,1984-12-31T23:00:00Z
9,Lufttryck reducerat havsytans nivå,1985,data/parameter_9/1985.csv,8756,1985-01-01T00:00:00Z,1985-12-31T21:00:00Z
9,Lufttryck reducerat havsytans nivå,1986,data/parameter_9/1986.csv,8753,1986-01-01T00:00:00Z,1986-12-31T21:00:00Z
9,Lufttryck reducerat havsytans nivå,1987,data/parameter_9/1987.csv,8758,1987-01-01T00:00:00Z,1987-12-31T23:00:00Z
9,Lufttryck reducerat havsytans nivå,1988,data/parameter_9/1988.csv,8753,1988-01-01T00:00:00Z,1988-12-31T21:00:00Z
9,Lufttryck reducerat havsytans nivå,1989,data/parameter_9/1989.csv,8748,1989-01-01T00:00:00Z,1989-12-31T21:00:00Z
9,Lufttryck reducerat havsytans nivå,1990,data/parameter_9/1990.csv,8731,1990-01-01T00:00:00Z,1990-12-31T22:00:00Z
9,Lufttryck reducerat havsytans nivå,1991,data/parameter_9/1991.csv,8754,1991-01-01T00:00:00Z,1991-12-31T23:00:00Z
9,Lufttryck reducerat havsytans nivå,1992,data/parameter_9/1992.csv,7585,1992-01-01T00:00:00Z,1992-12-31T23:00:00Z
9,Lufttryck reducerat havsytans nivå,1993,data/parameter_9/1993.csv,8728,1993-01-01T00:00:00Z,1993-12-31T21:00:00Z
9,Lufttryck reducerat havsytans nivå,1994,data/parameter_9/1994.csv,2920,1994-01-01T00:00:00Z,1994-12-31T21:00:00Z
9,Lufttryck reducerat havsytans nivå,1995,data/parameter_9/1995.csv,2920,1995-01-01T00:00:00Z,1995-12-31T21:00:00Z
9,Lufttryck reducerat havsytans nivå,1996,data/parameter_9/1996.csv,2928,1996-01-01T00:00:00Z,1996-12-31T21:00:00Z
9,Lufttryck reducerat havsytans nivå,1997,data/parameter_9/1997.csv,7674,1997-01-01T00:00:00Z,1997-12-31T21:00:00Z
9,Lufttryck reducerat havsytans nivå,1998,data/parameter_9/1998.csv,8397,1998-01-01T00:00:00Z,1998-12-31T21:00:00Z
9,Lufttryck reducerat havsytans nivå,1999,data/parameter_9/1999.csv,8595,1999-01-01T00:00:00Z,1999-12-31T23:00:00Z
9,Lufttryck reducerat havsytans nivå,2000,data/parameter_9/2000.csv,8669,2000-01-01T00:00:00Z,2000-12-31T23:00:00Z
9,Lufttryck reducerat havsytans nivå,2001,data/parameter_9/2001.csv,8642,2001-01-01T00:00:00Z,2001-12-31T23:00:00Z
9,Lufttryck reducerat havsytans nivå,2002,data/parameter_9/2002.csv,8684,2002-01-01T00:00:00Z,2002-12-31T23:00:00Z
9,Lufttryck reducerat havsytans nivå,2003,data/parameter_9/2003.csv,8688,2003-01-01T00:00:00Z,2003-12-31T23:00:00Z
9,Lufttryck reducerat havsytans nivå,2004,data/parameter_9/2004.csv,8662,2004-01-01T00:00:00Z,2004-12-31T23:00:00Z
9,Lufttryck reducerat havsytans nivå,2005,data/parameter_9/2005.csv,8645,2005-01-01T00:00:00Z,2005-12-31T23:00:00Z
9,Lufttryck reducerat havsytans nivå,2006,data/parameter_9/2006.csv,8683,2006-01-01T00:00:00Z,2006-12-31T23:00:00Z
9,Lufttryck reducerat havsytans nivå,2007,data/parameter_9/2007.csv,8668,2007-01-01T00:00:00Z,2007-12-31T23:00:00Z
9,Lufttryck reducerat havsytans nivå,2008,data/parameter_9/2008.csv,8685,2008-01-01T00:00:00Z,2008-12-31T23:00:00Z
9,Lufttryck reducerat havsytans nivå,2009,data/parameter_9/2009.csv,8635,2009-01-01T00:00:00Z,2009-12-31T23:00:00Z
9,Lufttryck reducerat havsytans nivå,2010,data/parameter_9/2010.csv,8704,2010-01-01T00:00:00Z,2010-12-31T23:00:00Z
9,Lufttryck reducerat havsytans nivå,2011,data/parameter_9/2011.csv,8737,2011-01-01T00:00:00Z,2011-12-31T23:00:00Z
9,Lufttryck reducerat havsytans nivå,2012,data/parameter_9/2012.csv,8764,2012-01-01T00:00:00Z,2012-12-31T23:00:00Z
9,Lufttryck reducerat havsytans nivå,2013,data/parameter_9/2013.csv,8754,2013-01-01T00:00:00Z,2013-12-31T23:00:00Z
9,Lufttryck reducerat havsytans nivå,2014,data/parameter_9/2014.csv,8746,2014-01-01T00:00:00Z,2014-12-31T23:00:00Z
9,Lufttryck reducerat havsytans nivå,2015,data/parameter_9/2015.csv,8742,2015-01-01T00:00:00Z,2015-12-31T23:00:00Z
9,Lufttryck reducerat havsytans nivå,2016,data/parameter_9/2016.csv,8758,2016-01-01T00:00:00Z,2016-12-31T23:00:00Z
9,Lufttryck reducerat havsytans nivå,2017,data/parameter_9/2017.csv,8729,2017-01-01T00:00:00Z,2017-12-31T23:00:00Z
9,Lufttryck reducerat havsytans nivå,2018,data/parameter_9/2018.csv,8700,2018-01-01T00:00:00Z,2018-12-31T23:00:00Z
9,Lufttryck reducerat havsytans nivå,2019,data/parameter_9/2019.csv,8717,2019-01-01T00:00:00Z,2019-12-31T23:00:00Z
9,Lufttryck reducerat havsytans nivå,2020,data/parameter_9/2020.csv,8756,2020-01-01T00:00:00Z,2020-12-31T23:00:00Z
9,Lufttryck reducerat havsytans nivå,2021,data/parameter_9/2021.csv,8699,2021-01-01T06:00:00Z,2021-12-31T23:00:00Z
9,Lufttryck reducerat havsytans nivå,2022,data/parameter_9/2022.csv,8734,2022-01-01T00:00:00Z,2022-12-31T23:00:00Z
9,Lufttryck reducerat havsytans nivå,2023,data/parameter_9/2023.csv,8706,2023-01-01T00:00:00Z,2023-12-31T23:00:00Z
9,Lufttryck reducerat havsytans nivå,2024,data/parameter_9/2024.csv,8766,2024-01-01T00:00:00Z,2024-12-31T23:00:00Z
9,Lufttryck reducerat havsytans nivå,2025,data/parameter_9/2025.csv,8739,2025-01-01T00:00:00Z,2025-12-31T23:00:00Z
9,Lufttryck reducerat havsytans nivå,2026,data/parameter_9/2026.csv,6661,2026-01-01T00:00:00Z,2026-10-05T18:00:00Z
